Location,Date,Time,SiteName,Transect#,Genus ,NumberperTransect,Growthforms,Signs of abornmality,Types,Syndeome,Causes,Potential Syndrome - If disease,Other non disease potential ,Other potential non diseae Symptom,Comments,New Cat
Leleuvia,11/26/2013,,LUSRF3,1,Isopora,3,SM,3,PD,,,,,,,PD
Leleuvia,11/26/2013,,LUSRF3,1,Acropora,2,D,0,,,,,,,,H
Leleuvia,11/26/2013,,LUSRF3,1,Acropora,2,B,3,PD,,,,,,,PD
Leleuvia,11/26/2013,,LUSRF3,1,Montipora,3,E,3,PD,,,,,,,PD
Leleuvia,11/26/2013,,LUSRF3,1,Acropora,1,T,3,PD,,,,,,,PD
Leleuvia,11/26/2013,,LUSRF3,1,Isopora,2,SM,1,B,B,B,,Bleaching ,,White patches on surface,BL
Leleuvia,11/26/2013,,LUSRF3,1,Acropora,1,T,0,,,,,,,,H
Leleuvia,11/26/2013,,LUSRF3,1,Porites,1,SM,1,"UWSD, PD",UWS,WSO,Ulcerative White Spot Disease,,,Partly dead with white and pale dots,UWS
Leleuvia,11/26/2013,,LUSRF3,1,Acropora,2,B,0,,,,,,,,H
Leleuvia,11/26/2013,,LUSRF3,1,Millepora,4,B,0,,,,,,,,H
Leleuvia,11/26/2013,,LUSRF3,1,Porites,1,E,0,,,,,,,,H
Leleuvia,11/26/2013,,LUSRF3,1,Psammocora,1,E,1,"B,",B,B,,Bleaching ,,,BL
Leleuvia,11/26/2013,,LUSRF3,1,Acropora,1,B,3,PD,,,,,,,PD
Leleuvia,11/26/2013,,LUSRF3,1,Pocillopora,1,SM,1,B,B,B,,Bleaching ,,White spots on some branches,BL
Leleuvia,11/26/2013,,LUSRF3,1,Acropora,1,B,0,,,,,,,,H
Leleuvia,11/26/2013,,LUSRF3,1,Porites,1,SM,3,PD,,,,,,,PD
Leleuvia,11/26/2013,,LUSRF3,1,Isopora,1,E,0,,,,,,,,H
Leleuvia,11/26/2013,,LUSRF3,1,Isopora,8,SM,0,,,,,,,,H
Leleuvia,11/26/2013,,LUSRF3,1,Acropora,7,T,0,,,,,,,,H
Leleuvia,11/26/2013,,LUSRF3,1,Porites,1,E,3,PD,,,,,,,PD
Leleuvia,11/26/2013,,LUSRF3,1,Montastrea,1,E,3,PD,,,,,,,PD
Leleuvia,11/26/2013,,LUSRF3,1,Acropora,2,B,0,,,,,,,,H
Leleuvia,11/26/2013,,LUSRF3,1,Isopora,3,SM,3,PD,,,,,,,PD
Leleuvia,11/26/2013,,LUSRF3,1,Montipora,1,SM,2,"PR, PD",PR,,Pigmentation Response,,,Partly dead with PR,PR
Leleuvia,11/26/2013,,LUSRF3,1,Porites,1,F,0,,,,,,,,H
Leleuvia,11/26/2013,,LUSRF3,1,Acropora,1,B,3,PD,,,,,,,PD
Leleuvia,11/26/2013,,LUSRF3,1,Pocillopora,1,CC,0,,,,,,,,H
Leleuvia,11/26/2013,,LUSRF3,1,Acropora,1,T,3,PD,,,,,,,PD
Leleuvia,11/26/2013,,LUSRF3,1,Montipora,1,E,3,PD,,,,,,,PD
Leleuvia,11/26/2013,,LUSRF3,1,Acropora,3,D,0,,,,,,,,H
Leleuvia,11/26/2013,,LUSRF3,1,Acropora,3,B,0,,,,,,,,H
Leleuvia,11/26/2013,,LUSRF3,1,Porites,1,SM,0,,,,,,,,H
Leleuvia,11/26/2013,,LUSRF3,1,Favites,1,E,1,"B, PD",B,B,,Bleaching ,,Partly dead and bleached,BL
Leleuvia,11/26/2013,,LUSRF3,1,Platygyra,1,M ,0,,,,,,,,H
Leleuvia,11/26/2013,,LUSRF3,1,Leptastrea,1,E,0,,,,,,,,H
Leleuvia,11/26/2013,,LUSRF3,1,Isopora,2,SM,3,PD,,,,,,,PD
Leleuvia,11/26/2013,,LUSRF3,1,Porites,2,E,3,PD,,,,,,,PD
Leleuvia,11/26/2013,,LUSRF3,1,Goniastrea,1,SM,3,PD,,,,,,,PD
Leleuvia,11/26/2013,,LUSRF3,1,Isopora,1,SM,0,,,,,,,,H
Leleuvia,11/26/2013,,LUSRF3,1,Acropora,1,T,3,PD,,,,,,,PD
Leleuvia,11/26/2013,,LUSRF3,1,Pocillopora,1,SM,1,"B, PD",B,B,,Bleaching ,,Partly dead with some bleached branches,BL
Leleuvia,11/26/2013,,LUSRF3,1,Acropora,1,D,0,,,,,,,,H
Leleuvia,11/26/2013,,LUSRF3,1,Pavona,1,E,0,,,,,,,,H
Leleuvia,11/26/2013,,LUSRF3,1,Pocillopora,1,SM,0,,,,,,,,H
Leleuvia,11/26/2013,,LUSRF3,1,Pocillopora,2,CC,1,"B,PD",B,B,,Bleaching ,,Partly bleached and dead,BL
Leleuvia,11/26/2013,,LUSRF3,1,Acropora,1,E,0,,,,,,,,H
Leleuvia,11/26/2013,,LUSRF3,1,Acropora,3,B,3,PD,,,,,,,PD
Leleuvia,11/26/2013,,LUSRF3,1,Millepora,1,B,3,PD,,,,,,,PD
Leleuvia,11/26/2013,,LUSRF3,1,Acropora,2,T,0,,,,,,,,H
Leleuvia,11/26/2013,,LUSRF3,1,Acropora,2,T,3,PD,,,,,,,PD
Leleuvia,11/26/2013,,LUSRF3,1,Acropora,3,D,0,,,,,,,,H
Leleuvia,11/26/2013,,LUSRF3,1,Porites,1,B,0,,,,,,,,H
Leleuvia,11/26/2013,,LUSRF3,1,Acropora,3,T,3,PD,,,,,,,PD
Leleuvia,11/26/2013,,LUSRF3,1,Goniastrea,2,SM,1,"B, PD",B,B,,Bleaching ,,White patches and partly dead,BL
Leleuvia,11/26/2013,,LUSRF3,1,Isopora,6,SM,0,,,,,,,,H
Leleuvia,11/26/2013,,LUSRF3,1,Acropora,2,T,2,GA,GA,,Growth Anomalies ,,,,GA
Leleuvia,11/26/2013,,LUSRF3,1,Acropora,1,B,3,PD,,,,,,,PD
Leleuvia,11/26/2013,,LUSRF3,1,Porites,1,E,3,PD,,,,,,,PD
Leleuvia,11/26/2013,,LUSRF3,1,Isopora,19,SM,0,,,,,,,,H
Leleuvia,11/26/2013,,LUSRF3,1,Isopora,2,SM,1,B,B,B,,Bleaching ,,,BL
Leleuvia,11/26/2013,,LUSRF3,1,Acropora,1,B,3,PD,,,,,,,PD
Leleuvia,11/26/2013,,LUSRF3,1,Acropora,5,T,0,,,,,,,,H
Leleuvia,11/26/2013,,LUSRF3,1,Acropora,6,D,0,,,,,,,,H
Leleuvia,11/26/2013,,LUSRF3,1,Pocillopora,1,SM,0,,,,,,,,H
Leleuvia,11/26/2013,,LUSRF3,1,Montastrea,1,M ,1,"B, PD",B,B,,Bleaching ,,White patches on partly dead colony,BL
Leleuvia,11/26/2013,,LUSRF3,1,Acropora,3,T,0,,,,,,,,H
Leleuvia,11/26/2013,,LUSRF3,1,Pocillopora,2,CC,0,,,,,,,,H
Leleuvia,11/26/2013,,LUSRF3,1,Porites,2,SM,3,PD,,,,,,,PD
Leleuvia,11/26/2013,,LUSRF3,1,Acropora,1,T,1,"P, PD",P,P,,Predation,,Partly dead with Drupella feeding marks,P
Leleuvia,11/26/2013,,LUSRF3,1,Acropora,1,D,3,PD,,,,,,,PD
Leleuvia,11/26/2013,,LUSRF3,1,Porites,1,SM,1,"P, PD",P,P,,Predation,,Partly dead with Drupella or COTS feeding sign,P
Leleuvia,11/26/2013,,LUSRF3,1,Acropora,2,B,0,,,,,,,,H
Leleuvia,11/26/2013,,LUSRF3,1,Porites,1,SM,1,UWSD,UWS,WSO,Ulcerative White Spot Disease,,,White spots on surface,UWS
Leleuvia,11/26/2013,,LUSRF3,1,Montipora,2,B,3,PD,,,,,,,PD
Leleuvia,11/26/2013,,LUSRF3,1,Acropora,5,D,0,,,,,,,,H
Leleuvia,11/26/2013,,LUSRF3,1,Acropora,2,T,0,,,,,,,,H
Leleuvia,11/26/2013,,LUSRF3,1,Goniastrea,1,SM,0,,,,,,,,H
Leleuvia,11/26/2013,,LUSRF3,1,Acropora,5,B,0,,,,,,,,H
Leleuvia,11/26/2013,,LUSRF3,1,Acropora,1,T,3,PD,,,,,,,PD
Leleuvia,11/26/2013,,LUSRF3,1,Montipora,1,SM,0,,,,,,,,H
Leleuvia,11/26/2013,,LUSRF3,1,Millepora,1,B,0,,,,,,,,H
Leleuvia,11/26/2013,,LUSRF3,1,Goniastrea,1,SM,3,PD,,,,,,,PD
Leleuvia,11/26/2013,,LUSRF3,1,Acropora,3,T,0,,,,,,,,H
Leleuvia,11/26/2013,,LUSRF3,1,Acropora,1,B,3,PD,,,,,,,PD
Leleuvia,11/26/2013,,LUSRF3,1,Leptoria,1,SM,0,,,,,,,,H
Leleuvia,11/26/2013,,LUSRF3,1,Acropora,2,D,3,PD,,,,,,,PD
Leleuvia,11/26/2013,,LUSRF3,1,Porites,2,SM,3,PD,,,,,,,PD
Leleuvia,11/26/2013,,LUSRF3,1,Acropora,1,B,1,"WS, P, PD",WS,WS,White Syndrome,Predation,,Partly dead with WS and Drupella feeding signs,WS
Leleuvia,11/26/2013,,LUSRF3,1,Acropora,2,D,0,,,,,,,,H
Leleuvia,11/26/2013,,LUSRF3,1,Montastrea,1,M ,0,,,,,,,,H
Leleuvia,11/26/2013,,LUSRF3,1,Leptoria,1,SM,1,"FB, P, PD",FB,B,,Focal Bleaching ,Predation,,FB
Leleuvia,11/26/2013,,LUSRF3,1,Montipora,1,E,3,PD,,,,,,,PD
Leleuvia,11/26/2013,,LUSRF3,1,Pocillopora,1,SM,0,,,,,,,,H
Leleuvia,11/26/2013,,LUSRF3,1,Millepora,1,B,3,PD,,,,,,,PD
Leleuvia,11/26/2013,,LUSRF3,1,Goniastrea,1,SM,3,PD,,,,,,,PD
Leleuvia,11/26/2013,,LUSRF3,1,Isopora,2,SM,1,"B, PD",B,B,,Bleaching ,,Partly dead with white patches,BL
Leleuvia,11/26/2013,,LUSRF3,1,Acropora,1,B,3,PD,,,,,,,PD
Leleuvia,11/26/2013,,LUSRF3,1,Isopora,12,SM,0,,,,,,,,H
Leleuvia,11/26/2013,,LUSRF3,1,Pavona,1,SM,0,,,,,,,,H
Leleuvia,11/26/2013,,LUSRF3,1,Acropora,2,T,3,PD,,,,,,,PD
Leleuvia,11/26/2013,,LUSRF3,1,Acropora,1,D,3,PD,,,,,,,PD
Leleuvia,11/26/2013,,LUSRF3,1,Acropora,4,D,0,,,,,,,,H
Leleuvia,11/26/2013,,LUSRF3,1,Acropora,1,B,3,PD,,,,,,,PD
Leleuvia,11/26/2013,,LUSRF3,1,Montipora,1,SM,0,,,,,,,,H
Leleuvia,11/26/2013,,LUSRF3,1,Montipora,3,E,3,PD,,,,,,,PD
Leleuvia,11/26/2013,,LUSRF3,1,Favites,1,E,1,"B,",B,B,,Bleaching ,,Colony partly bleached,BL
Leleuvia,11/26/2013,,LUSRF3,1,Pocillopora,1,SM,2,GA,GA,,Growth Anomalies ,,,,GA
Leleuvia,11/26/2013,,LUSRF3,1,Acropora,1,B,0,,,,,,,,H
Leleuvia,11/26/2013,,LUSRF3,1,Acropora,4,T,0,,,,,,,,H
Leleuvia,11/26/2013,,LUSRF3,1,Pocillopora,1,CC,0,,,,,,,,H
Leleuvia,11/26/2013,,LUSRF3,1,Pavona,1,SM,0,,,,,,,,H
Leleuvia,11/26/2013,,LUSRF3,1,Acropora,1,D,3,PD,,,,,,,PD
Leleuvia,11/26/2013,,LUSRF3,1,Acropora,2,T,0,,,,,,,,H
Leleuvia,11/26/2013,,LUSRF3,1,Coscinaraea,2,SM,3,PD,,,,,,,PD
Leleuvia,11/26/2013,,LUSRF3,1,Isopora,2,SM,3,PD,,,,,,,PD
Leleuvia,11/26/2013,,LUSRF3,1,Acropora,2,B,1,"P, PD",P,P,,Predation,,Partly dead,P
Leleuvia,11/26/2013,,LUSRF3,1,Acropora,5,T,0,,,,,,,,H
Leleuvia,11/26/2013,,LUSRF3,1,Porites,1,SM,3,PD,,,,,,,PD
Leleuvia,11/26/2013,,LUSRF3,1,Goniastrea,1,SM,3,PD,,,,,,,PD
Leleuvia,11/26/2013,,LUSRF3,1,Montastrea,1,SM,3,PD,,,,,,,PD
Leleuvia,11/26/2013,,LUSRF3,1,Acropora,1,D,0,,,,,,,,H
Leleuvia,11/26/2013,,LUSRF3,1,Montipora,1,E,3,PD,,,,,,,PD
Leleuvia,11/26/2013,,LUSRF3,1,Porites,1,E,3,PD,,,,,,,PD
Leleuvia,11/26/2013,,LUSRF3,1,Acropora,4,T,0,,,,,,,,H
Leleuvia,11/26/2013,,LUSRF3,1,Isopora,1,SM,1,"B, ",B,B,,Bleaching ,,White blotches on surface,BL
Leleuvia,11/26/2013,,LUSRF3,1,Acropora,1,B,0,,,,,,,,H
Leleuvia,11/26/2013,,LUSRF3,1,Acropora,1,T,1,"P, PD",P,P,,Bleaching ,,"White patches on some branches, potentially Drupella feeding",P
Leleuvia,11/26/2013,,LUSRF3,1,Isopora,9,SM,0,,,,,,,,H
Leleuvia,11/26/2013,,LUSRF3,1,Porites,2,SM,3,PD,,,,,,,PD
Leleuvia,11/26/2013,,LUSRF3,1,Pocillopora,1,SM,2,GA,GA,,,,,,GA
Leleuvia,11/26/2013,,LUSRF3,1,Goniastrea,1,SM,3,PD,,,,,,,PD
Leleuvia,11/26/2013,,LUSRF3,1,Acropora,1,B,1,UWSD,UWS,WSO,Ulcerative White Spot Disease,,,White spots on surface,UWS
Leleuvia,11/26/2013,,LUSRF3,1,Acropora,2,T,0,,,,,,,,H
Leleuvia,11/26/2013,,LUSRF3,1,Acropora,1,B,1,"P, PD",P,P,,Predation,,Party dead with white patches,P
Leleuvia,11/26/2013,,LUSRF3,1,Acropora,1,T,0,,,,,,,,H
Leleuvia,11/26/2013,,LUSRF3,1,Favites,1,SM,3,PD,,,,,,,PD
Leleuvia,11/26/2013,,LUSRF3,1,Favites,2,M ,0,,,,,,,,H
Leleuvia,11/26/2013,,LUSRF3,1,Porites,1,SM,3,PD,,,,,,,PD
Leleuvia,11/26/2013,,LUSRF3,1,Acropora,1,B,0,,,,,,,,H
Leleuvia,11/26/2013,,LUSRF3,1,Acropora,7,D,0,,,,,,,,H
Leleuvia,11/26/2013,,LUSRF3,1,Acropora,1,B,3,PD,,,,,,,PD
Leleuvia,11/26/2013,,LUSRF3,1,Pocillopora,2,CC,0,,,,,,,,H
Leleuvia,11/26/2013,,LUSRF3,1,Montipora,1,SM,3,PD,,,,,,,PD
Leleuvia,11/26/2013,,LUSRF3,1,Acropora,2,T,3,PD,,,,,,,PD
Leleuvia,11/26/2013,,LUSRF3,1,Montipora,5,E,3,PD,,,,,,,PD
Leleuvia,11/26/2013,,LUSRF3,1,Pocillopora,1,CC,3,PD,,,,,,,PD
Leleuvia,11/26/2013,,LUSRF3,1,Acropora,3,D,0,,,,,,,,H
Leleuvia,11/26/2013,,LUSRF3,1,Montastrea,2,M ,0,,,,,,,,H
Leleuvia,11/26/2013,,LUSRF3,1,Acropora,2,T,0,,,,,,,,H
Leleuvia,11/26/2013,,LUSRF3,1,Acropora,1,T,2,GA,GA,,Growth Anomalies ,,,,GA
Leleuvia,11/26/2013,,LUSRF3,1,Isopora,1,SM,1,"B, ",B,B,,Bleaching ,,Partially bleached,BL
Leleuvia,11/26/2013,,LUSRF3,1,Pocillopora,1,CC,1,"B, ",B,B,,Bleaching ,,White spots on surface,BL
Leleuvia,11/26/2013,,LUSRF3,1,Acropora,4,B,0,,,,,,,,H
Leleuvia,11/26/2013,,LUSRF3,1,Isopora,3,SM,0,,,,,,,,H
Leleuvia,11/26/2013,,LUSRF3,1,Acropora,3,D,0,,,,,,,,H
Leleuvia,11/26/2013,,LUSRF3,1,Millepora,3,B,3,PD,,,,,,,PD
Leleuvia,11/26/2013,,LUSRF3,1,Acropora,2,T,0,,,,,,,,H
Leleuvia,11/26/2013,,LUSRF3,1,Acropora,2,T,2,GA,GA,,Growth Anomalies ,,,,GA
Leleuvia,11/26/2013,,LUSRF3,1,Pocillopora,1,CC,0,,,,,,,,H
Leleuvia,11/26/2013,,LUSRF3,1,Montipora,1,E,3,PD,,,,,,,PD
Leleuvia,11/26/2013,,LUSRF3,1,Isopora,4,SM,3,PD,,,,,,,PD
Leleuvia,11/26/2013,,LUSRF3,1,Acropora,3,B,0,,,,,,,,H
Leleuvia,11/26/2013,,LUSRF3,1,Isopora,2,SM,0,,,,,,,,H
Leleuvia,11/26/2013,,LUSRF3,1,Acropora,1,T,0,,,,,,,,H
Leleuvia,11/26/2013,,LUSRF3,1,Acropora,7,D,0,,,,,,,,H
Leleuvia,11/26/2013,,LUSRF3,1,Acropora,2,B,1,WS,WS,WS,White Syndrome,,,,WS
Leleuvia,11/26/2013,,LUSRF3,1,Isopora,17,SM,0,,,,,,,,H
Leleuvia,11/26/2013,,LUSRF3,1,Acropora,6,B,0,,,,,,,,H
Leleuvia,11/26/2013,,LUSRF3,1,Acropora,13,T,0,,,,,,,,H
Leleuvia,11/26/2013,,LUSRF3,1,Millepora,3,B,0,,,,,,,,H
Leleuvia,11/26/2013,,LUSRF3,1,Porites,2,E,3,PD,,,,,,,PD
Leleuvia,11/26/2013,,LUSRF3,1,Montipora,1,E,0,,,,,,,,H
Leleuvia,11/26/2013,,LUSRF3,1,Pocillopora,1,SM,0,,,,,,,,H
Leleuvia,11/26/2013,,LUSRF3,1,Goniastrea,1,SM,3,PD,,,,,,,PD
Leleuvia,11/26/2013,,LUSRF3,1,Porites,1,SM,3,PD,,,,,,,PD
Leleuvia,11/26/2013,,LUSRF3,1,Goniastrea,1,SM,0,,,,,,,,H
Leleuvia,11/26/2013,,LUSRF3,1,Acropora,5,B,0,,,,,,,,H
Leleuvia,11/26/2013,,LUSRF3,1,Favites,1,M ,3,PD,,,,,,,PD
Leleuvia,11/26/2013,,LUSRF3,1,Porites,1,E,0,,,,,,,,H
Leleuvia,11/26/2013,,LUSRF3,1,Porites,1,SM,3,PD,,,,,,,PD
Leleuvia,11/26/2013,,LUSRF3,1,Isopora,1,F,1,"P, ",P,P,,Predation,,"Potential drupella bite, white patch at the edge ",P
Leleuvia,11/26/2013,,LUSRF3,1,Montastrea,2,M ,3,PD,,,,,,,PD
Leleuvia,11/26/2013,,LUSRF3,1,Pavona,1,SM,1,"B,",B,B,,Bleaching ,,White patch at top edge,BL
Leleuvia,11/26/2013,,LUSRF3,1,Acropora,5,E,0,,,,,,,,H
Leleuvia,11/26/2013,,LUSRF3,1,Acropora,1,T,3,PD,,,,,,,PD
Leleuvia,11/26/2013,,LUSRF3,1,Favites,1,SM,1,"B, PD",B,B,,Bleaching ,,Partly dead and partly bleached ,BL
Leleuvia,11/26/2013,,LUSRF3,1,Millepora,3,B,3,PD,,,,,,,PD
Leleuvia,11/26/2013,,LUSRF3,1,Psammocora,1,SM,3,PD,,,,,,,PD
Leleuvia,11/26/2013,,LUSRF3,1,Favia,1,M ,3,PD,,,,,,,PD
Leleuvia,11/26/2013,,LUSRF3,1,Isopora,4,SM,3,PD,,,,,,,PD
Leleuvia,11/26/2013,,LUSRF3,1,Acropora,2,D,0,,,,,,,,H
Leleuvia,11/26/2013,,LUSRF3,1,Isopora,2,SM,1,"B, ",B,B,,Bleaching ,,White patches on colony ,BL
Leleuvia,11/26/2013,,LUSRF3,1,Porites,1,SM,1,"P, PD",P,P,,Predation,,"White spots, fish bite marks on surface",P
Leleuvia,11/26/2013,,LUSRF3,1,Acropora,1,T,2,"GA, PD",GA,,Growth Anomalies ,,,Partly dead ,GA
Leleuvia,11/26/2013,,LUSRF3,1,Pocillopora,1,SM,3,PD,,,,,,,PD
Leleuvia,11/26/2013,,LUSRF3,1,Isopora,3,SM,0,,,,,,,,H
Leleuvia,11/26/2013,,LUSRF3,1,Acropora,3,B,3,PD,,,,,,,PD
Leleuvia,11/26/2013,,LUSRF3,1,Platygyra,1,SM,3,PD,,,,,,,PD
Leleuvia,11/26/2013,,LUSRF3,1,Acropora,2,T,0,,,,,,,,H
Leleuvia,11/26/2013,,LUSRF3,1,Goniastrea,1,SM,3,PD,,,,,,,PD
Leleuvia,11/26/2013,,LUSRF3,1,Acropora,8,T,0,,,,,,,,H
Leleuvia,11/26/2013,,LUSRF3,1,Acropora,1,T,3,PD,,,,,,,PD
Leleuvia,11/26/2013,,LUSRF3,1,Montipora,1,SM,3,PD,,,,,,,PD
Leleuvia,11/26/2013,,LUSRF3,1,Acropora,1,B,1,"B, PD",B,B,,Bleaching ,,Partly dead and bleached,BL
Leleuvia,11/26/2013,,LUSRF3,1,Leptastrea,1,SM,1,"P, PD",P,P,,Predation,,Partly dead and bleached,P
Leleuvia,11/26/2013,,LUSRF3,1,Pavona,1,SM,3,PD,,,,,,,PD
Leleuvia,11/26/2013,,LUSRF3,1,Leptoria,1,SM,0,,,,,,,,H
Leleuvia,11/26/2013,,LUSRF3,1,Acropora,3,B,3,PD,,,,,,,PD
Leleuvia,11/26/2013,,LUSRF3,1,Acropora,1,D,3,PD,,,,,,,PD
Leleuvia,11/26/2013,,LUSRF3,1,Isopora,1,SM,3,PD,,,,,,,PD
Leleuvia,11/26/2013,,LUSRF3,1,Pocillopora,1,SM,0,,,,,,,,H
Leleuvia,11/26/2013,,LUSRF3,1,Montipora,3,E,3,PD,,,,,,,PD
Leleuvia,11/26/2013,,LUSRF3,1,Isopora,2,SM,3,PD,,,,,,,PD
Leleuvia,11/26/2013,,LUSRF3,1,Favites,1,SM,3,PD,,,,,,,PD
Leleuvia,11/26/2013,,LUSRF3,1,Pocillopora,2,CC,0,,,,,,,,H
Leleuvia,11/26/2013,,LUSRF3,1,Leptastrea,1,SM,0,,,,,,,,H
Leleuvia,11/26/2013,,LUSRF3,1,Isopora,1,E,0,,,,,,,,H
Leleuvia,11/26/2013,,LUSRF3,1,Isopora,2,SM,3,PD,,,,,,,PD
Leleuvia,11/26/2013,,LUSRF3,1,Acropora,1,E,0,,,,,,,,H
Leleuvia,11/26/2013,,LUSRF3,1,Favites,1,SM,1,"B, PD",B,B,,Bleaching ,,Partly dead,BL
Leleuvia,11/26/2013,,LUSRF3,1,Isopora,5,SM,0,,,,,,,,H
Leleuvia,11/26/2013,,LUSRF3,1,Acropora,1,D,0,,,,,,,,H
Leleuvia,11/26/2013,,LUSRF3,1,Acropora,1,B,1,"P, PD",P,P,,Predation,,Partly dead and white patches due to Drupella feeding ,P
Leleuvia,11/26/2013,,LUSRF3,1,Acropora,1,B,1,UWSD,UWS,WSO,Ulcerative White Spot Disease,,,White spots on surface,UWS
Leleuvia,11/26/2013,,LUSRF3,1,Acropora,1,T,0,,,,,,,,H
Leleuvia,11/26/2013,,LUSRF3,1,Montastrea,1,SM,0,,,,,,,,H
Leleuvia,11/26/2013,,LUSRF3,1,Porites,2,SM,3,PD,,,,,,,PD
Leleuvia,11/26/2013,,LUSRF3,1,Pocillopora,2,CC,2,GA,GA,,Growth Anomalies ,,,,GA
Leleuvia,11/26/2013,,LUSRF3,1,Acropora,3,T,0,,,,,,,,H
Leleuvia,11/26/2013,,LUSRF3,1,Acropora,1,D,3,PD,,,,,,,PD
Leleuvia,11/26/2013,,LUSRF3,1,Acropora,2,B,0,,,,,,,,H
Leleuvia,11/26/2013,,LUSRF3,1,Goniastrea,2,SM,3,PD,,,,,,,PD
Leleuvia,11/26/2013,,LUSRF3,1,Platygyra,1,SM,3,PD,,,,,,,PD
Leleuvia,11/26/2013,,LUSRF3,1,Goniastrea,1,SM,1,"FB, ",FB,B,,Focal Bleaching ,,White patches on surface,FB
Leleuvia,11/26/2013,,LUSRF3,1,Porites,1,SM,3,PD,,,,,,,PD
Leleuvia,11/26/2013,,LUSRF3,1,Acropora,3,B,3,PD,,,,,,,PD
Leleuvia,11/26/2013,,LUSRF3,1,Acropora,1,T,2,"GA, PD",GA,,Growth Anomalies ,,,Partly dead with GA,GA
Leleuvia,11/26/2013,,LUSRF3,1,Porites,1,CC,1,B,B,B,,Bleaching ,,White patches on surface,BL
Leleuvia,11/26/2013,,LUSRF3,1,Acropora,1,B,1,"WS,PD",WS,WS,White Syndrome,,,Partly dead with one branch showing signs of WS,WS
Leleuvia,11/26/2013,,LUSRF3,1,Porites,1,E,0,,,,,,,,H
Leleuvia,11/26/2013,,LUSRF3,1,Acropora,1,D,0,,,,,,,,H
Leleuvia,11/26/2013,,LUSRF3,1,Pocillopora,1,SM,0,,,,,,,,H
Leleuvia,11/26/2013,,LUSRF3,1,Porites,1,E,3,PD,,,,,,,PD
Leleuvia,11/26/2013,,LUSRF3,1,Isopora,1,SM,0,,,,,,,,H
Leleuvia,11/26/2013,,LUSRF3,1,Pocillopora,2,CC,0,,,,,,,,H
Leleuvia,11/26/2013,,LUSRF3,1,Porites,1,B,0,,,,,,,,H
Leleuvia,11/26/2013,,LUSRF3,1,Acropora,1,T,2,GA,GA,,Growth Anomalies ,,,,GA
Leleuvia,11/26/2013,,LUSRF3,1,Acropora,4,D,0,,,,,,,,H
Leleuvia,11/26/2013,,LUSRF3,1,Acropora,6,T,3,PD,,,,,,,PD
Leleuvia,11/26/2013,,LUSRF3,1,Acropora,3,B,3,PD,,,,,,,PD
Leleuvia,11/26/2013,,LUSRF3,1,Porites,1,E,3,PD,,,,,,,PD
Leleuvia,11/26/2013,,LUSRF3,1,Isopora,1,SM,3,PD,,,,,,,PD
Leleuvia,11/26/2013,,LUSRF3,1,Porites,1,E,0,,,,,,,,H
Leleuvia,11/26/2013,,LUSRF3,1,Porites,1,B,0,,,,,,,,H
Leleuvia,11/26/2013,,LUSRF3,1,Acropora,10,D,0,,,,,,,,H
Leleuvia,11/26/2013,,LUSRF3,1,Acropora,1,E,0,,,,,,,,H
Leleuvia,11/26/2013,,LUSRF3,1,Pocillopora,1,CC,0,,,,,,,,H
Leleuvia,11/26/2013,,LUSRF3,1,Goniastrea,1,SM,3,PD,,,,,,,PD
Leleuvia,11/26/2013,,LUSRF3,1,Acropora,4,B,3,PD,,,,,,,PD
Leleuvia,11/26/2013,,LUSRF3,1,Porites,1,SM,1,UWSD,UWS,WSO,Ulcerative White Spot Disease,,,White spots on surface,UWS
Leleuvia,11/26/2013,,LUSRF3,1,Acropora,4,D,3,PD,,,,,,,PD
Leleuvia,11/26/2013,,LUSRF3,1,Isopora,1,SM,1,P,P,P,,Predation,,White spots/blotch on surface,P
Leleuvia,11/26/2013,,LUSRF3,1,Porites,2,B,3,PD,,,,,,,PD
Leleuvia,11/26/2013,,LUSRF3,1,Pocillopora,1,SM,3,PD,,,,,,,PD
Leleuvia,11/26/2013,,LUSRF3,1,Goniopora,1,SM,0,,,,,,,,H
Leleuvia,11/26/2013,,LUSRF3,1,Acropora,1,T,3,PD,,,,,,,PD
Leleuvia,11/26/2013,,LUSRF3,1,Acropora,1,B,0,,,,,,,,H
Leleuvia,11/26/2013,,LUSRF3,1,Acropora,1,B,1,"P, PD",P,P,,Predation,,"White patches on tip of some branches, Drupella feeding sign",P
Leleuvia,11/26/2013,,LUSRF3,1,Porites,1,SM,3,PD,,,,,,,PD
Leleuvia,11/26/2013,,LUSRF3,1,Montastrea,1,SM,1,"FB, ",FB,B,,Focal Bleaching ,,White patches on surface,FB
Leleuvia,11/26/2013,,LUSRF3,1,Isopora,3,SM,1,"B, ",B,B,,Bleaching ,,White patches and spots on sruface,BL
Leleuvia,11/26/2013,,LUSRF3,1,Acropora,4,B,3,PD,,,,,,,PD
Leleuvia,11/26/2013,,LUSRF3,1,Pocillopora,1,CC,0,,,,,,,,H
Leleuvia,11/26/2013,,LUSRF3,1,Acropora,6,T,0,,,,,,,,H
Leleuvia,11/26/2013,,LUSRF3,1,Acropora,5,B,3,PD,,,,,,,PD
Leleuvia,11/26/2013,,LUSRF3,1,Acropora,2,D,0,,,,,,,,H
Leleuvia,11/26/2013,,LUSRF3,1,Millepora,1,B,3,PD,,,,,,,PD
Leleuvia,11/26/2013,,LUSRF3,1,Pocillopora,1,SM,3,PD,,,,,,,PD
Leleuvia,11/26/2013,,LUSRF3,1,Porites,1,SM,3,PD,,,,,,,PD
Leleuvia,11/26/2013,,LUSRF3,1,Acropora,2,B,1,"WS, PD",WS,WS,White Syndrome,,,Some branches with WS,WS
Leleuvia,11/26/2013,,LUSRF3,1,Acropora,1,B,0,,,,,,,,H
Leleuvia,11/26/2013,,LUSRF3,1,Acropora,3,T,0,,,,,,,,H
Leleuvia,11/26/2013,,LUSRF3,1,Acropora,1,T,2,GA,GA,,Growth Anomalies ,,,,GA
Leleuvia,11/26/2013,,LUSRF3,1,Isopora,1,SM,3,PD,,,,,,,PD
Leleuvia,11/26/2013,,LUSRF3,1,Hydnophora,1,SM,3,PD,,,,,,,PD
Leleuvia,11/26/2013,,LUSRF3,1,Acropora,2,B,0,,,,,,,,H
Leleuvia,11/26/2013,,LUSRF3,1,Acropora,2,T,0,,,,,,,,H
Leleuvia,11/26/2013,,LUSRF3,1,Acropora,1,T,2,GA,GA,,Growth Anomalies ,,,,GA
Leleuvia,11/26/2013,,LUSRF3,1,Pocillopora,1,SM,3,PD,,,,,,,PD
Leleuvia,11/26/2013,,LUSRF3,1,Isopora,2,SM,0,,,,,,,,H
Leleuvia,11/26/2013,,LUSRF3,1,Acropora,8,D,0,,,,,,,,H
Leleuvia,11/26/2013,,LUSRF3,1,Pocillopora,1,CC,0,,,,,,,,H
Leleuvia,11/26/2013,,LUSRF3,1,Acropora,1,B,3,PD,,,,,,,PD
Leleuvia,11/26/2013,,LUSRF3,1,Acropora,1,B,2,"GA, P, PD",GA,,Growth Anomalies ,Predation,,Partly dead with GA and white patches,GA
Leleuvia,11/26/2013,,LUSRF3,1,Porites,1,B,0,,,,,,,,H
Leleuvia,11/26/2013,,LUSRF3,1,Acropora,2,T,0,,,,,,,,H
Leleuvia,11/26/2013,,LUSRF3,1,Acropora,1,E,1,B,B,B,,Bleaching ,,White patches on surface,BL
Leleuvia,11/26/2013,,LUSRF3,1,Acropora,1,B,3,PD,,,,,,,PD
Leleuvia,11/26/2013,,LUSRF3,1,Pocillopora,1,SM,0,,,,,,,,H
Leleuvia,11/26/2013,,LUSRF3,1,Acropora,1,D,3,PD,,,,,,,PD
Leleuvia,11/26/2013,,LUSRF3,1,Isopora,1,SM,0,,,,,,,,H
Leleuvia,11/26/2013,,LUSRF3,1,Acropora,6,D,3,PD,,,,,,,PD
Leleuvia,11/26/2013,,LUSRF3,1,Pocillopora,1,CC,0,,,,,,,,H
Leleuvia,11/26/2013,,LUSRF3,1,Acropora,1,B,3,PD,,,,,,,PD
Leleuvia,11/26/2013,,LUSRF3,1,Acropora,4,D,0,,,,,,,,H
Leleuvia,11/26/2013,,LUSRF3,1,Acropora,2,B,0,,,,,,,,H
Leleuvia,11/26/2013,,LUSRF3,1,Isopora,2,SM,3,PD,,,,,,,PD
Leleuvia,11/26/2013,,LUSRF3,1,Acropora,2,T,0,,,,,,,,H
Leleuvia,11/26/2013,,LUSRF3,1,Porites,1,SM,3,PD,,,,,,,PD
Leleuvia,11/26/2013,,LUSRF3,1,Acropora,2,T,0,,,,,,,,H
Leleuvia,11/26/2013,,LUSRF3,1,Acropora,3,D,0,,,,,,,,H
Leleuvia,11/26/2013,,LUSRF3,1,Pocillopora,2,SM,0,,,,,,,,H
Leleuvia,11/26/2013,,LUSRF3,1,Acropora,2,B,3,PD,,,,,,,PD
Leleuvia,11/26/2013,,LUSRF3,1,Favites,1,SM,0,,,,,,,,H
Leleuvia,11/26/2013,,LUSRF3,1,Isopora,2,SM,0,,,,,,,,H
Leleuvia,11/26/2013,,LUSRF3,1,Isopora,2,SM,3,PD,,,,,,,PD
Leleuvia,11/26/2013,,LUSRF3,1,Acropora,1,T,3,PD,,,,,,,PD
Leleuvia,11/26/2013,,LUSRF3,1,Acropora,1,T,3,PD,,,,,,,PD
Leleuvia,11/26/2013,,LUSRF3,1,Hydnophora,1,M ,4,E,,,,,,,IG
Leleuvia,11/26/2013,,LUSRF3,1,Hydnophora,1,SM,0,,,,,,,,H
Leleuvia,11/26/2013,,LUSRF3,1,Pocillopora,1,CC,0,,,,,,,,H
Leleuvia,11/26/2013,,LUSRF3,1,Acropora,2,T,0,,,,,,,,H
Leleuvia,11/26/2013,,LUSRF3,1,Isopora,2,SM,0,,,,,,,,H
Leleuvia,11/26/2013,,LUSRF3,1,Acropora,4,D,0,,,,,,,,H
Leleuvia,11/26/2013,,LUSRF3,1,Porites,1,SM,0,,,,,,,,H
Leleuvia,11/26/2013,,LUSRF3,1,Acropora,3,T,0,,,,,,,,H
Leleuvia,11/26/2013,,LUSRF3,1,Pocillopora,1,SM,3,PD,,,,,,,PD
Leleuvia,11/26/2013,,LUSRF3,1,Pocillopora,1,SM,0,,,,,,,,H
Leleuvia,11/26/2013,,LUSRF3,1,Acropora,8,T,0,,,,,,,,H
Leleuvia,11/26/2013,,LUSRF3,1,Pocillopora,3,CC,0,,,,,,,,H
Leleuvia,11/26/2013,,LUSRF3,1,Acropora,1,B,0,,,,,,,,H
Leleuvia,11/26/2013,,LUSRF3,1,Acropora,2,T,3,PD,,,,,,,PD
Leleuvia,11/26/2013,,LUSRF3,1,Pocillopora,1,CC,2,GA,GA,,Growth Anomalies ,,,,GA
Leleuvia,11/26/2013,,LUSRF3,1,Acropora,1,B,3,PD,,,,,,,PD
Leleuvia,11/26/2013,,LUSRF3,1,Porites,4,SM,3,PD,,,,,,,PD
Leleuvia,11/26/2013,,LUSRF3,1,Pocillopora,1,SM,0,,,,,,,,H
Leleuvia,11/26/2013,,LUSRF3,1,Millepora,2,B,0,,,,,,,,H
Leleuvia,11/26/2013,,LUSRF3,1,Acropora,1,D,0,,,,,,,,H
Leleuvia,11/26/2013,,LUSRF3,1,Coscinaraea,1,SM,3,PD,,,,,,,PD
Leleuvia,11/26/2013,,LUSRF3,1,Pocillopora,4,SM,0,,,,,,,,H
Leleuvia,11/26/2013,,LUSRF3,1,Acropora,1,T,3,PD,,,,,,,PD
Leleuvia,11/26/2013,,LUSRF3,1,Porites,1,SM,1,"FB, PD",FB,B,,Focal Bleaching ,,Partly dead with white patches on live tissue ,FB
Leleuvia,11/26/2013,,LUSRF3,1,Hydnophora,1,M ,0,,,,,,,,H
Leleuvia,11/26/2013,,LUSRF3,1,Acropora,1,T,2,GA,GA,,Growth Anomalies ,,,,GA
Leleuvia,11/26/2013,,LUSRF3,1,Lobophyllia,1,M ,0,,,,,,,,H
Leleuvia,11/26/2013,,LUSRF3,1,Acropora,2,B,0,,,,,,,,H
Leleuvia,11/26/2013,,LUSRF3,1,Goniastrea,1,SM,3,PD,,,,,,,PD
Leleuvia,11/26/2013,,LUSRF3,1,Isopora,1,SM,3,PD,,,,,,,PD
Leleuvia,11/26/2013,,LUSRF3,1,Acropora,2,B,0,,,,,,,,H
Leleuvia,11/26/2013,,LUSRF3,1,Acropora,3,D,0,,,,,,,,H
Leleuvia,11/26/2013,,LUSRF3,1,Acropora,2,B,3,PD,,,,,,,PD
Leleuvia,11/26/2013,,LUSRF3,1,Isopora,1,SM,3,PD,,,,,,,PD
Leleuvia,11/26/2013,,LUSRF3,1,Favites,1,SM,0,,,,,,,,H
Leleuvia,11/26/2013,,LUSRF3,1,Porites,1,E,2,PR,PR,,Pigmentation Response,,,,PR
Leleuvia,11/26/2013,,LUSRF3,1,Acropora,6,D,0,,,,,,,,H
Leleuvia,11/26/2013,,LUSRF3,1,Montipora,1,SM,0,,,,,,,,H
Leleuvia,11/26/2013,,LUSRF3,1,Leptastrea,1,SM,3,PD,,,,,,,PD
Leleuvia,11/26/2013,,LUSRF3,1,Psammocora,1,B,0,,,,,,,,H
Leleuvia,11/26/2013,,LUSRF3,1,Acropora,2,D,0,,,,,,,,H
Leleuvia,11/26/2013,,LUSRF3,1,Isopora,1,SM,1,"P, PD",P,P,,Predation,,White patces on edges,P
Leleuvia,11/26/2013,,LUSRF3,1,Pocillopora,2,SM,3,PD,,,,,,,PD
Leleuvia,11/26/2013,,LUSRF3,1,Acropora,2,T,0,,,,,,,,H
Leleuvia,11/26/2013,,LUSRF3,1,Pocillopora,1,SM,2,GA,GA,,Growth Anomalies ,,,,GA
Leleuvia,11/26/2013,,LUSRF3,1,Isopora,1,E,0,,,,,,,,H
Leleuvia,11/26/2013,,LUSRF3,1,Leptastrea,1,SM,3,PD,,,,,,,PD
Leleuvia,11/26/2013,,LUSRF3,1,Acropora,5,D,0,,,,,,,,H
Leleuvia,11/26/2013,,LUSRF3,1,Acropora,4,D,3,PD,,,,,,,PD
Leleuvia,11/26/2013,,LUSRF3,1,Isopora,1,SM,0,,,,,,,,H
Leleuvia,11/26/2013,,LUSRF3,1,Pocillopora,1,SM,2,"GA, PD",GA,,Growth Anomalies ,,,,GA
Leleuvia,11/26/2013,,LUSRF3,1,Hydnophora,1,M ,3,PD,,,,,,,PD
Leleuvia,11/26/2013,,LUSRF3,1,Millepora,2,B,3,PD,,,,,,,PD
Leleuvia,11/26/2013,,LUSRF3,1,Goniastrea,1,SM,3,PD,,,,,,,PD
Leleuvia,11/26/2013,,LUSRF3,1,Acropora,2,T,0,,,,,,,,H
Leleuvia,11/26/2013,,LUSRF3,1,Acropora,1,B,0,,,,,,,,H
Leleuvia,11/26/2013,,LUSRF3,1,Porites,1,SM,0,,,,,,,,H
Leleuvia,11/26/2013,,LUSRF3,1,Pocillopora,1,SM,0,,,,,,,,H
Leleuvia,11/26/2013,,LUSRF3,1,Acropora,2,B,0,,,,,,,,H
Leleuvia,11/26/2013,,LUSRF3,1,Acropora,2,T,0,,,,,,,,H
Leleuvia,11/26/2013,,LUSRF3,1,Acropora,1,T,3,PD,,,,,,,PD
Leleuvia,11/26/2013,,LUSRF3,1,Millepora,1,B,0,,,,,,,,H
Leleuvia,11/26/2013,,LUSRF3,1,Acropora,1,T,3,PD,,,,,,,PD
Leleuvia,11/26/2013,,LUSRF3,2,Pocillopora,1,SM,1,B,B,B,,Bleaching ,,White spots on branch tips ,BL
Leleuvia,11/26/2013,,LUSRF3,2,Porites,1,SM,1,B,B,B,,Bleaching ,,White spots on branch tips ,BL
Leleuvia,11/26/2013,,LUSRF3,2,Millepora,4,B,0,,,,,,,,H
Leleuvia,11/26/2013,,LUSRF3,2,Porites,1,E,0,,,,,,,,H
Leleuvia,11/26/2013,,LUSRF3,2,Acropora,5,D,0,,,,,,,,H
Leleuvia,11/26/2013,,LUSRF3,2,Favites,1,E,1,"B, PD",B,B,,Bleaching ,,Partly dead with white spots,BL
Leleuvia,11/26/2013,,LUSRF3,2,Acropora,1,T,3,PD,,,,,,,PD
Leleuvia,11/26/2013,,LUSRF3,2,Pocillopora,1,SM,0,,,,,,,,H
Leleuvia,11/26/2013,,LUSRF3,2,Acropora,1,T,0,,,,,,,,H
Leleuvia,11/26/2013,,LUSRF3,2,Isopora,1,SM,3,PD,,,,,,,PD
Leleuvia,11/26/2013,,LUSRF3,2,Porites,1,SM,3,PD,,,,,,,PD
Leleuvia,11/26/2013,,LUSRF3,2,Montipora,1,SM,0,,,,,,,,H
Leleuvia,11/26/2013,,LUSRF3,2,Fungia,1,S,0,,,,,,,,H
Leleuvia,11/26/2013,,LUSRF3,2,Acropora,1,B,0,,,,,,,,H
Leleuvia,11/26/2013,,LUSRF3,2,Isopora,1,SM,0,,,,,,,,H
Leleuvia,11/26/2013,,LUSRF3,2,Acropora,4,T,0,,,,,,,,H
Leleuvia,11/26/2013,,LUSRF3,2,Isopora,1,SM,0,,,,,,,,H
Leleuvia,11/26/2013,,LUSRF3,2,Millepora,1,SM,3,PD,,,,,,,PD
Leleuvia,11/26/2013,,LUSRF3,2,Pocillopora,1,CC,0,,,,,,,,H
Leleuvia,11/26/2013,,LUSRF3,2,Pocillopora,1,SM,2,GA,GA,,Growth Anomalies ,,,,GA
Leleuvia,11/26/2013,,LUSRF3,2,Porites,1,SM,3,PD,,,,,,,PD
Leleuvia,11/26/2013,,LUSRF3,2,Porites,1,SM,3,PD,,,,,,,PD
Leleuvia,11/26/2013,,LUSRF3,2,Pavona,1,SM,3,PD,,,,,,,PD
Leleuvia,11/26/2013,,LUSRF3,2,Porites,1,F,3,PD,,,,,,,PD
Leleuvia,11/26/2013,,LUSRF3,2,Acropora,1,B,0,,,,,,,,H
Leleuvia,11/26/2013,,LUSRF3,2,Acropora,1,T,0,,,,,,,,H
Leleuvia,11/26/2013,,LUSRF3,2,Acropora,1,B,3,PD,,,,,,,PD
Leleuvia,11/26/2013,,LUSRF3,2,Acropora,4,T,0,,,,,,,,H
Leleuvia,11/26/2013,,LUSRF3,2,Porites,1,SM,3,PD,,,,,,,PD
Leleuvia,11/26/2013,,LUSRF3,2,Acropora,1,D,0,,,,,,,,H
Leleuvia,11/26/2013,,LUSRF3,2,Pocillopora,1,CC,0,,,,,,,,H
Leleuvia,11/26/2013,,LUSRF3,2,Pocillopora,1,CC,3,PD,,,,,,,PD
Leleuvia,11/26/2013,,LUSRF3,2,Acropora,3,D,0,,,,,,,,H
Leleuvia,11/26/2013,,LUSRF3,2,Pavona,1,SM,3,PD,,,,,,,PD
Leleuvia,11/26/2013,,LUSRF3,2,Acropora,4,B,0,,,,,,,,H
Leleuvia,11/26/2013,,LUSRF3,2,Acropora,1,T,3,PD,,,,,,,PD
Leleuvia,11/26/2013,,LUSRF3,2,Acropora,5,T,0,,,,,,,,H
Leleuvia,11/26/2013,,LUSRF3,2,Isopora,9,SM,0,,,,,,,,H
Leleuvia,11/26/2013,,LUSRF3,2,Acropora,1,T,3,PD,,,,,,,PD
Leleuvia,11/26/2013,,LUSRF3,2,Acropora,1,E,0,,,,,,,,H
Leleuvia,11/26/2013,,LUSRF3,2,Millepora,2,B,0,,,,,,,,H
Leleuvia,11/26/2013,,LUSRF3,2,Acropora,2,B,0,,,,,,,,H
Leleuvia,11/26/2013,,LUSRF3,2,Porites,1,SM,3,PD,,,,,,,PD
Leleuvia,11/26/2013,,LUSRF3,2,Isopora,1,SM,3,PD,,,,,,,PD
Leleuvia,11/26/2013,,LUSRF3,2,Platygyra,1,SM,3,PD,,,,,,,PD
Leleuvia,11/26/2013,,LUSRF3,2,Acropora,3,D,3,PD,,,,,,,PD
Leleuvia,11/26/2013,,LUSRF3,2,Isopora,5,SM,0,,,,,,,,H
Leleuvia,11/26/2013,,LUSRF3,2,Acropora,2,B,0,,,,,,,,H
Leleuvia,11/26/2013,,LUSRF3,2,Pavona,1,SM,0,,,,,,,,H
Leleuvia,11/26/2013,,LUSRF3,2,Hydnophora,1,SM,3,PD,,,,,,,PD
Leleuvia,11/26/2013,,LUSRF3,2,Acropora,2,D,0,,,,,,,,H
Leleuvia,11/26/2013,,LUSRF3,2,Acropora,1,B,0,,,,,,,,H
Leleuvia,11/26/2013,,LUSRF3,2,Pocillopora,1,SM,0,,,,,,,,H
Leleuvia,11/26/2013,,LUSRF3,2,Acropora,4,T,0,,,,,,,,H
Leleuvia,11/26/2013,,LUSRF3,2,Acropora,1,T,3,PD,,,,,,,PD
Leleuvia,11/26/2013,,LUSRF3,2,Pocillopora,1,CC,3,PD,,,,,,,PD
Leleuvia,11/26/2013,,LUSRF3,2,Pavona,1,SM,3,PD,,,,,,,PD
Leleuvia,11/26/2013,,LUSRF3,2,Millepora,2,B,3,PD,,,,,,,PD
Leleuvia,11/26/2013,,LUSRF3,2,Acropora,1,D,3,PD,,,,,,,PD
Leleuvia,11/26/2013,,LUSRF3,2,Acropora,2,E,0,,,,,,,,H
Leleuvia,11/26/2013,,LUSRF3,2,Acropora,1,D,0,,,,,,,,H
Leleuvia,11/26/2013,,LUSRF3,2,Leptastrea,1,E,0,,,,,,,,H
Leleuvia,11/26/2013,,LUSRF3,2,Pocillopora,1,SM,0,,,,,,,,H
Leleuvia,11/26/2013,,LUSRF3,2,Acropora,1,D,3,PD,,,,,,,PD
Leleuvia,11/26/2013,,LUSRF3,2,Isopora,1,SM,3,PD,,,,,,,PD
Leleuvia,11/26/2013,,LUSRF3,2,Goniastrea,1,M ,3,PD,,,,,,,PD
Leleuvia,11/26/2013,,LUSRF3,2,Porites,1,SM,3,PD,,,,,,,PD
Leleuvia,11/26/2013,,LUSRF3,2,Isopora,3,SM,0,,,,,,,,H
Leleuvia,11/26/2013,,LUSRF3,2,Acropora,1,D,3,PD,,,,,,,PD
Leleuvia,11/26/2013,,LUSRF3,2,Acropora,1,E,0,,,,,,,,H
Leleuvia,11/26/2013,,LUSRF3,2,Pocillopora,1,CC,3,PD,,,,,,,PD
Leleuvia,11/26/2013,,LUSRF3,2,Acropora,5,T,0,,,,,,,,H
Leleuvia,11/26/2013,,LUSRF3,2,Acropora,1,D,0,,,,,,,,H
Leleuvia,11/26/2013,,LUSRF3,2,Porites,1,SM,0,,,,,,,,H
Leleuvia,11/26/2013,,LUSRF3,2,Pocillopora,1,CC,0,,,,,,,,H
Leleuvia,11/26/2013,,LUSRF3,2,Isopora,2,SM,3,PD,,,,,,,PD
Leleuvia,11/26/2013,,LUSRF3,2,Millepora,1,B,3,PD,,,,,,,PD
Leleuvia,11/26/2013,,LUSRF3,2,Porites,1,E,3,PD,,,,,,,PD
Leleuvia,11/26/2013,,LUSRF3,2,Pocillopora,1,CC,0,,,,,,,,H
Leleuvia,11/26/2013,,LUSRF3,2,Acropora,1,D,3,PD,,,,,,,PD
Leleuvia,11/26/2013,,LUSRF3,2,Acropora,2,B,0,,,,,,,,H
Leleuvia,11/26/2013,,LUSRF3,2,Porites,1,M ,3,PD,,,,,,,PD
Leleuvia,11/26/2013,,LUSRF3,2,Pocillopora,1,CC,1,"B, ",B,B,,Bleaching ,,White patches on some branches,BL
Leleuvia,11/26/2013,,LUSRF3,2,Pocillopora,1,CC,3,PD,,,,,,,PD
Leleuvia,11/26/2013,,LUSRF3,2,Acropora,1,B,0,,,,,,,,H
Leleuvia,11/26/2013,,LUSRF3,2,Isopora,1,SM,0,,,,,,,,H
Leleuvia,11/26/2013,,LUSRF3,2,Porites,1,SM,3,PD,,,,,,,PD
Leleuvia,11/26/2013,,LUSRF3,2,Pocillopora,1,CC,2,"GA,B, PD",GA,,Growth Anomalies ,Bleaching ,,Partly dead with white patches,GA
Leleuvia,11/26/2013,,LUSRF3,2,Acropora,1,T,0,,,,,,,,H
Leleuvia,11/26/2013,,LUSRF3,2,Acropora,1,D,0,,,,,,,,H
Leleuvia,11/26/2013,,LUSRF3,2,Isopora,2,SM,3,PD,,,,,,,PD
Leleuvia,11/26/2013,,LUSRF3,2,Acropora,1,D,3,PD,,,,,,,PD
Leleuvia,11/26/2013,,LUSRF3,2,Pocillopora,2,SM,0,,,,,,,,H
Leleuvia,11/26/2013,,LUSRF3,2,Millepora,3,B,0,,,,,,,,H
Leleuvia,11/26/2013,,LUSRF3,2,Acropora,2,D,0,,,,,,,,H
Leleuvia,11/26/2013,,LUSRF3,2,Goniastrea,1,SM,3,PD,,,,,,,PD
Leleuvia,11/26/2013,,LUSRF3,2,Acropora,2,T,3,PD,,,,,,,PD
Leleuvia,11/26/2013,,LUSRF3,2,Porites,1,SM,3,PD,,,,,,,PD
Leleuvia,11/26/2013,,LUSRF3,2,Acropora,2,D,0,,,,,,,,H
Leleuvia,11/26/2013,,LUSRF3,2,Acropora,2,T,0,,,,,,,,H
Leleuvia,11/26/2013,,LUSRF3,2,Millepora,1,B,0,,,,,,,,H
Leleuvia,11/26/2013,,LUSRF3,2,Pocillopora,1,CC,2,"GA, PD",GA,,Growth Anomalies ,,,Partly dead colony,GA
Leleuvia,11/26/2013,,LUSRF3,2,Pocillopora,1,SM,0,,,,,,,,H
Leleuvia,11/26/2013,,LUSRF3,2,Hydnophora,1,SM,1,"B, PD",B,B,,Bleaching ,,Partly dead,BL
Leleuvia,11/26/2013,,LUSRF3,2,Pavona,1,F,0,,,,,,,,H
Leleuvia,11/26/2013,,LUSRF3,2,Pocillopora,1,CC,2,GA,GA,,Growth Anomalies ,,,,GA
Leleuvia,11/26/2013,,LUSRF3,2,Acropora,3,T,0,,,,,,,,H
Leleuvia,11/26/2013,,LUSRF3,2,Pocillopora,2,SM,0,,,,,,,,H
Leleuvia,11/26/2013,,LUSRF3,2,Porites,1,M ,3,PD,,,,,,,PD
Leleuvia,11/26/2013,,LUSRF3,2,Acropora,2,D,3,PD,,,,,,,PD
Leleuvia,11/26/2013,,LUSRF3,2,Porites,1,SM,1,"UWSD, PD",UWS,WSO,Ulcerative White Spot Disease,,,Partly dead with white spots,UWS
Leleuvia,11/26/2013,,LUSRF3,2,Goniastrea,2,SM,3,PD,,,,,,,PD
Leleuvia,11/26/2013,,LUSRF3,2,Montastrea,1,M ,1,"B, PD",B,B,,Bleaching ,,Partly dead with white patches,BL
Leleuvia,11/26/2013,,LUSRF3,2,Acropora,1,D,0,,,,,,,,H
Leleuvia,11/26/2013,,LUSRF3,2,Montipora,1,SM,3,PD,,,,,,,PD
Leleuvia,11/26/2013,,LUSRF3,2,Pocillopora,3,SM,0,,,,,,,,H
Leleuvia,11/26/2013,,LUSRF3,2,Acropora,1,D,3,PD,,,,,,,PD
Leleuvia,11/26/2013,,LUSRF3,2,Acropora,2,D,0,,,,,,,,H
Leleuvia,11/26/2013,,LUSRF3,2,Acropora,2,B,0,,,,,,,,H
Leleuvia,11/26/2013,,LUSRF3,2,Acropora,1,B,1,P,P,P,,Predation,,Drupella feeding mark,P
Leleuvia,11/26/2013,,LUSRF3,2,Pocillopora,2,CC,0,,,,,,,,H
Leleuvia,11/26/2013,,LUSRF3,2,Acropora,3,T,0,,,,,,,,H
Leleuvia,11/26/2013,,LUSRF3,2,Pocillopora,1,SM,3,PD,,,,,,,PD
Leleuvia,11/26/2013,,LUSRF3,2,Acropora,3,T,0,,,,,,,,H
Leleuvia,11/26/2013,,LUSRF3,2,Pocillopora,1,SM,2,"GA,PD",GA,,Growth Anomalies ,,,Partly dead with algal growth and GA,GA
Leleuvia,11/26/2013,,LUSRF3,2,Acropora,1,T,1,"P, PD",P,P,,Predation,,"Some branches are fragmented, some dead and some tips have drupella feeding marks ",P
Leleuvia,11/26/2013,,LUSRF3,2,Acropora,2,B,3,PD,,,,,,,PD
Leleuvia,11/26/2013,,LUSRF3,2,Porites,1,SM,0,,,,,,,,H
Leleuvia,11/26/2013,,LUSRF3,2,Millepora,3,B,0,,,,,,,,H
Leleuvia,11/26/2013,,LUSRF3,2,Pocillopora,1,SM,2,ESE,Unique,,Enlarged Skeletal Elements,,,,Others
Leleuvia,11/26/2013,,LUSRF3,2,Pocillopora,1,SM,2,"ESE, GA",Unique,,Growth Anomalies ,Enlarged Skeletal Elements,,,Others
Leleuvia,11/26/2013,,LUSRF3,2,Acropora,1,D,3,PD,,,,,,,PD
Leleuvia,11/26/2013,,LUSRF3,2,Millepora,2,B,3,PD,,,,,,,PD
Leleuvia,11/26/2013,,LUSRF3,2,Pocillopora,1,SM,0,,,,,,,,H
Leleuvia,11/26/2013,,LUSRF3,2,Acropora,1,T,1,"UWSD, PD",UWS,WSO,Ulcerative White Spot Disease,,,Partly dead with white spots,UWS
Leleuvia,11/26/2013,,LUSRF3,2,Acropora,2,T,2,GA,GA,,Growth Anomalies ,,,White spots due to GA ,GA
Leleuvia,11/26/2013,,LUSRF3,2,Pocillopora,2,SM,0,,,,,,,,H
Leleuvia,11/26/2013,,LUSRF3,2,Porites,1,SM,1,"P, PD",P,P,,Predation,,Partly dead with white spots potentially fish bite marks ,P
Leleuvia,11/26/2013,,LUSRF3,2,Acropora,2,D,0,,,,,,,,H
Leleuvia,11/26/2013,,LUSRF3,2,Acropora,1,T,0,,,,,,,,H
Leleuvia,11/26/2013,,LUSRF3,2,Acropora,2,T,2,"GA, PD",GA,,Growth Anomalies ,,,Partly dead with GA,GA
Leleuvia,11/26/2013,,LUSRF3,2,Acropora,1,B,0,,,,,,,,H
Leleuvia,11/26/2013,,LUSRF3,2,Pocillopora,4,SM,0,,,,,,,,H
Leleuvia,11/26/2013,,LUSRF3,2,Porites,3,SM,3,PD,,,,,,,PD
Leleuvia,11/26/2013,,LUSRF3,2,Acropora,1,E,0,,,,,,,,H
Leleuvia,11/26/2013,,LUSRF3,2,Acropora,2,D,0,,,,,,,,H
Leleuvia,11/26/2013,,LUSRF3,2,Acropora,1,E,1,"B, ",B,B,,Bleaching ,,White patches on some parts of colony,BL
Leleuvia,11/26/2013,,LUSRF3,2,Acropora,2,B,3,PD,,,,,,,PD
Leleuvia,11/26/2013,,LUSRF3,2,Pocillopora,2,CC,3,PD,,,,,,,PD
Leleuvia,11/26/2013,,LUSRF3,2,Porites,1,M ,3,PD,,,,,,,PD
Leleuvia,11/26/2013,,LUSRF3,2,Acropora,2,E,0,,,,,,,,H
Leleuvia,11/26/2013,,LUSRF3,2,Porites,1,M ,0,,,,,,,,H
Leleuvia,11/26/2013,,LUSRF3,2,Montipora,1,SM,3,PD,,,,,,,PD
Leleuvia,11/26/2013,,LUSRF3,2,Millepora,1,B,0,,,,,,,,H
Leleuvia,11/26/2013,,LUSRF3,2,Acropora,3,T,0,,,,,,,,H
Leleuvia,11/26/2013,,LUSRF3,2,Acropora,2,T,3,PD,,,,,,,PD
Leleuvia,11/26/2013,,LUSRF3,2,Acropora,1,B,3,PD,,,,,,,PD
Leleuvia,11/26/2013,,LUSRF3,2,Acropora,4,T,0,,,,,,,,H
Leleuvia,11/26/2013,,LUSRF3,2,Porites,2,SM,3,PD,,,,,,,PD
Leleuvia,11/26/2013,,LUSRF3,2,Montastrea,1,M ,3,PD,,,,,,,PD
Leleuvia,11/26/2013,,LUSRF3,2,Acropora,1,D,0,,,,,,,,H
Leleuvia,11/26/2013,,LUSRF3,2,Porites,1,SM,0,,,,,,,,H
Leleuvia,11/26/2013,,LUSRF3,2,Goniastrea,1,M ,4,E,,,Eroded,,,,IG
Leleuvia,11/26/2013,,LUSRF3,2,Porites,1,SM,0,,,,,,,,H
Leleuvia,11/26/2013,,LUSRF3,2,Acropora,2,T,0,,,,,,,,H
Leleuvia,11/26/2013,,LUSRF3,2,Platygyra,1,M ,0,,,,,,,,H
Leleuvia,11/26/2013,,LUSRF3,2,Montipora,1,SM,0,,,,,,,,H
Leleuvia,11/26/2013,,LUSRF3,2,Porites,1,SM,1,"B, ",B,B,,Bleaching ,,White patches on surface,BL
Leleuvia,11/26/2013,,LUSRF3,2,Pocillopora,1,SM,0,,,,,,,,H
Leleuvia,11/26/2013,,LUSRF3,2,Pocillopora,1,SM,2,PR,PR,,Pigmentation Response,,,Some branches show signs of discoloration and PR,PR
Leleuvia,11/26/2013,,LUSRF3,2,Acropora,1,D,0,,,,,,,,H
Leleuvia,11/26/2013,,LUSRF3,2,Acropora,1,T,0,,,,,,,,H
Leleuvia,11/26/2013,,LUSRF3,2,Hydnophora,1,SM,1,UWSD,UWS,WSO,Ulcerative White Spot Disease,,,White spots on surface,UWS
Leleuvia,11/26/2013,,LUSRF3,2,Hydnophora,1,M ,3,PD,,,,,,,PD
Leleuvia,11/26/2013,,LUSRF3,2,Leptastrea,2,E,1,"B, PD",B,B,,Bleaching ,,Pale partly dead colony,BL
Leleuvia,11/26/2013,,LUSRF3,2,Acropora,8,T,0,,,,,,,,H
Leleuvia,11/26/2013,,LUSRF3,2,Acropora,2,T,3,PD,,,,,,,PD
Leleuvia,11/26/2013,,LUSRF3,2,Pocillopora,1,CC,0,,,,,,,,H
Leleuvia,11/26/2013,,LUSRF3,2,Pocillopora,1,SM,2,GA,GA,,,,,,GA
Leleuvia,11/26/2013,,LUSRF3,2,Acropora,1,D,0,,,,,,,,H
Leleuvia,11/26/2013,,LUSRF3,2,Acropora,1,B,3,PD,,,,,,,PD
Leleuvia,11/26/2013,,LUSRF3,2,Porites,1,SM,3,PD,,,,,,,PD
Leleuvia,11/26/2013,,LUSRF3,2,Millepora,5,B,0,,,,,,,,H
Leleuvia,11/26/2013,,LUSRF3,2,Acropora,1,D,1,"P, PD",P,P,,Predation,,Partly dead with white patches on branch tips (Drupella feeding),P
Leleuvia,11/26/2013,,LUSRF3,2,Acropora,2,D,0,,,,,,,,H
Leleuvia,11/26/2013,,LUSRF3,2,Pocillopora,2,SM,0,,,,,,,,H
Leleuvia,11/26/2013,,LUSRF3,2,Acropora,1,T,0,,,,,,,,H
Leleuvia,11/26/2013,,LUSRF3,2,Acropora,2,B,3,PD,,,,,,,PD
Leleuvia,11/26/2013,,LUSRF3,2,Porites,2,SM,3,PD,,,,,,,PD
Leleuvia,11/26/2013,,LUSRF3,2,Pocillopora,1,CC,3,PD,,,,,,,PD
Leleuvia,11/26/2013,,LUSRF3,2,Acropora,1,D,0,,,,,,,,H
Leleuvia,11/26/2013,,LUSRF3,2,Porites,1,SM,1,"B, PD",B,B,,Bleaching ,,White patches on surface,BL
Leleuvia,11/26/2013,,LUSRF3,2,Pocillopora,1,CC,0,,,,,,,,H
Leleuvia,11/26/2013,,LUSRF3,2,Porites,1,E,1,UWSD,UWS,WSO,Ulcerative White Spot Disease,,,White spots on surface,UWS
Leleuvia,11/26/2013,,LUSRF3,2,Acropora,1,B,0,,,,,,,,H
Leleuvia,11/26/2013,,LUSRF3,2,Acropora,3,D,0,,,,,,,,H
Leleuvia,11/26/2013,,LUSRF3,2,Porites,2,SM,3,PD,,,,,,,PD
Leleuvia,11/26/2013,,LUSRF3,2,Pocillopora,1,CC,0,,,,,,,,H
Leleuvia,11/26/2013,,LUSRF3,2,Acropora,1,T,1,B,B,B,,Bleaching ,,Colony looks pale,BL
Leleuvia,11/26/2013,,LUSRF3,2,Porites,1,M ,1,P,P,P,,Predation,,White fish bite marks on surface,P
Leleuvia,11/26/2013,,LUSRF3,2,Acropora,1,D,0,,,,,,,,H
Leleuvia,11/26/2013,,LUSRF3,2,Millepora,3,B,3,PD,,,,,,,PD
Leleuvia,11/26/2013,,LUSRF3,2,Acropora,4,E,0,,,,,,,,H
Leleuvia,11/26/2013,,LUSRF3,2,Porites,1,SM,3,PD,,,,,,,PD
Leleuvia,11/26/2013,,LUSRF3,2,Porites,1,SM,1,"P, PD",P,P,,Predation,,Partly dead with white spots on surface,P
Leleuvia,11/26/2013,,LUSRF3,2,Pocillopora,1,SM,0,,,,,,,,H
Leleuvia,11/26/2013,,LUSRF3,2,Acropora,3,T,0,,,,,,,,H
Leleuvia,11/26/2013,,LUSRF3,2,Porites,1,SM,3,PD,,,,,,,PD
Leleuvia,11/26/2013,,LUSRF3,2,Acropora,1,T,0,,,,,,,,H
Leleuvia,11/26/2013,,LUSRF3,2,Acropora,3,B,0,,,,,,,,H
Leleuvia,11/26/2013,,LUSRF3,2,Acropora,2,D,0,,,,,,,,H
Leleuvia,11/26/2013,,LUSRF3,2,Porites,1,SM,1,P,P,P,,Predation,,White spots (fish bite marks),P
Leleuvia,11/26/2013,,LUSRF3,2,Acropora,1,T,3,PD,,,,,,,PD
Leleuvia,11/26/2013,,LUSRF3,2,Pocillopora,1,CC,0,,,,,,,,H
Leleuvia,11/26/2013,,LUSRF3,2,Acropora,1,T,1,B,B,B,,Bleaching ,,Colony looks very pale,BL
Leleuvia,11/26/2013,,LUSRF3,2,Millepora,2,SM,3,PD,,,,,,,PD
Leleuvia,11/26/2013,,LUSRF3,2,Pocillopora,2,SM,0,,,,,,,,H
Leleuvia,11/26/2013,,LUSRF3,2,Pocillopora,1,CC,2,"GA, PD",GA,,Growth Anomalies ,,,Partly dead,GA
Leleuvia,11/26/2013,,LUSRF3,2,Acropora,1,B,0,,,,,,,,H
Leleuvia,11/26/2013,,LUSRF3,2,Acropora,1,E,0,,,,,,,,H
Leleuvia,11/26/2013,,LUSRF3,2,Porites,1,SM,3,PD,,,,,,,PD
Leleuvia,11/26/2013,,LUSRF3,2,Millepora,1,B,0,,,,,,,,H
Leleuvia,11/26/2013,,LUSRF3,2,Acropora,2,T,2,"GA, PD",GA,,Growth Anomalies ,,,Partly dead with white spots on surface,GA
Leleuvia,11/26/2013,,LUSRF3,2,Goniastrea,1,SM,0,,,,,,,,H
Leleuvia,11/26/2013,,LUSRF3,2,Pocillopora,1,SM,2,GA,GA,,Growth Anomalies ,,,,GA
Leleuvia,11/26/2013,,LUSRF3,2,Pocillopora,1,SM,0,,,,,,,,H
Leleuvia,11/26/2013,,LUSRF3,2,Porites,1,M ,1,P,P,P,,Predation,,Fish bite marks ,P
Leleuvia,11/26/2013,,LUSRF3,2,Pocillopora,1,CC,0,,,,,,,,H
Leleuvia,11/26/2013,,LUSRF3,2,Porites,1,E,3,PD,,,,,,,PD
Leleuvia,11/26/2013,,LUSRF3,2,Acropora,1,B,1,B,B,B,,Bleaching ,,Pale to white colony,BL
Leleuvia,11/26/2013,,LUSRF3,2,Porites,1,SM,3,PD,,,,,,,PD
Leleuvia,11/26/2013,,LUSRF3,2,Acropora,1,B,3,PD,,,,,,,PD
Leleuvia,11/26/2013,,LUSRF3,2,Millepora,1,B,3,PD,,,,,,,PD
Leleuvia,11/26/2013,,LUSRF3,2,Acropora,1,D,3,PD,,,,,,,PD
Leleuvia,11/26/2013,,LUSRF3,2,Pocillopora,1,CC,1,B,B,B,,Bleaching ,,White spots on colony some branches,BL
Leleuvia,11/26/2013,,LUSRF3,2,Acropora,2,T,0,,,,,,,,H
Leleuvia,11/26/2013,,LUSRF3,2,Acropora,1,D,1,B,B,B,,Bleaching ,,White patches on some branches,BL
Leleuvia,11/26/2013,,LUSRF3,2,Acropora,1,T,3,PD,,,,,,,PD
Leleuvia,11/26/2013,,LUSRF3,2,Acropora,2,T,2,GA,GA,,Growth Anomalies ,,,,GA
Leleuvia,11/26/2013,,LUSRF3,2,Acropora,2,D,0,,,,,,,,H
Leleuvia,11/26/2013,,LUSRF3,2,Pocillopora,1,SM,2,"GA, PD",GA,,Growth Anomalies ,,,Partly dead with GA,GA
Leleuvia,11/26/2013,,LUSRF3,2,Acropora,1,B,0,,,,,,,,H
Leleuvia,11/26/2013,,LUSRF3,2,Acropora,3,B,3,PD,,,,,,,PD
Leleuvia,11/26/2013,,LUSRF3,2,Porites,2,SM,3,PD,,,,,,,PD
Leleuvia,11/26/2013,,LUSRF3,2,Pocillopora,1,SM,3,PD,,,,,,,PD
Leleuvia,11/26/2013,,LUSRF3,2,Pavona,1,SM,4,"E, PD",,,,,,,IG
Leleuvia,11/26/2013,,LUSRF3,2,Acropora,1,T,0,,,,,,,,H
Leleuvia,11/26/2013,,LUSRF3,2,Millepora,2,SM,3,PD,,,,,,,PD
Leleuvia,11/26/2013,,LUSRF3,2,Pocillopora,2,SM,3,PD,,,,,,,PD
Leleuvia,11/26/2013,,LUSRF3,2,Millepora,2,B,0,,,,,,,,H
Leleuvia,11/26/2013,,LUSRF3,2,Acropora,1,T,0,,,,,,,,H
Leleuvia,11/26/2013,,LUSRF3,2,Acropora,1,B,3,PD,,,,,,,PD
Leleuvia,11/26/2013,,LUSRF3,2,Acropora,1,E,1,B,B,B,,Bleaching ,,Colony looks pale ,BL
Leleuvia,11/26/2013,,LUSRF3,2,Pocillopora,1,SM,3,PD,,,,,,,PD
Leleuvia,11/26/2013,,LUSRF3,2,Porites,1,M ,3,PD,,,,,,90% of colony looks dead,PD
Leleuvia,11/26/2013,,LUSRF3,2,Acropora,1,B,0,,,,,,,,H
Leleuvia,11/26/2013,,LUSRF3,2,Acropora,1,T,3,PD,,,,,,,PD
Leleuvia,11/26/2013,,LUSRF3,2,Pocillopora,1,SM,3,PD,,,,,,,PD
Leleuvia,11/26/2013,,LUSRF3,2,Millepora,1,SM,3,PD,,,,,,,PD
Leleuvia,11/26/2013,,LUSRF3,2,Pocillopora,1,SM,0,,,,,,,,H
Leleuvia,11/26/2013,,LUSRF3,2,Pocillopora,1,SM,0,,,,,,,,H
Leleuvia,11/26/2013,,LUSRF3,2,Pocillopora,1,SM,2,GA,GA,,Growth Anomalies ,,,,GA
Leleuvia,11/26/2013,,LUSRF3,2,Porites,1,SM,0,,,,,,,,H
Leleuvia,11/26/2013,,LUSRF3,2,Acropora,2,T,0,,,,,,,,H
Leleuvia,11/26/2013,,LUSRF3,2,Millepora,1,B,3,PD,,,,,,,PD
Leleuvia,11/26/2013,,LUSRF3,2,Favites,1,SM,3,PD,,,,,,,PD
Leleuvia,11/26/2013,,LUSRF3,2,Goniastrea,1,SM,3,PD,,,,,,,PD
Leleuvia,11/26/2013,,LUSRF3,2,Millepora,5,B,0,,,,,,,,H
Leleuvia,11/26/2013,,LUSRF3,2,Pocillopora,1,CC,0,,,,,,,,H
Leleuvia,11/26/2013,,LUSRF3,2,Isopora,1,SM,3,PD,,,,,,,PD
Leleuvia,11/26/2013,,LUSRF3,2,Pocillopora,1,SM,2,GA,GA,,Growth Anomalies ,,,,GA
Leleuvia,11/26/2013,,LUSRF3,2,Pocillopora,1,SM,3,PD,,,,,,,PD
Leleuvia,11/26/2013,,LUSRF3,2,Montastrea,1,SM,0,,,,,,,,H
Leleuvia,11/26/2013,,LUSRF3,2,Acropora,2,E,0,,,,,,,,H
Leleuvia,11/26/2013,,LUSRF3,2,Isopora,1,SM,0,,,,,,,,H
Leleuvia,11/26/2013,,LUSRF3,2,Pocillopora,1,CC,3,PD,,,,,,,PD
Leleuvia,11/26/2013,,LUSRF3,2,Pocillopora,11,SM,0,,,,,,,,H
Leleuvia,11/26/2013,,LUSRF3,2,Acropora,1,D,3,PD,,,,,,,PD
Leleuvia,11/26/2013,,LUSRF3,2,Pocillopora,2,CC,0,,,,,,,,H
Leleuvia,11/26/2013,,LUSRF3,2,Acropora,4,T,0,,,,,,,,H
Leleuvia,11/26/2013,,LUSRF3,2,Acropora,2,D,0,,,,,,,,H
Leleuvia,11/26/2013,,LUSRF3,2,Acropora,1,D,3,PD,,,,,,,PD
Leleuvia,11/26/2013,,LUSRF3,2,Millepora,3,B,0,,,,,,,,H
Leleuvia,11/26/2013,,LUSRF3,2,Acropora,1,B,0,,,,,,,,H
Leleuvia,11/26/2013,,LUSRF3,2,Acropora,1,T,0,,,,,,,,H
Leleuvia,11/26/2013,,LUSRF3,2,Acropora,1,D,0,,,,,,,,H
Leleuvia,11/26/2013,,LUSRF3,2,Coscinaraea,1,SM,0,,,,,,,,H
Leleuvia,11/26/2013,,LUSRF3,2,Acropora,1,D,3,PD,,,,,,,PD
Leleuvia,11/26/2013,,LUSRF3,2,Pocillopora,1,SM,3,PD,,,,,,,PD
Leleuvia,11/26/2013,,LUSRF3,2,Acropora,1,D,1,UWSD,UWS,WSO,Ulcerative White Spot Disease,,,White spots on some branch tips ,UWS
Leleuvia,11/26/2013,,LUSRF3,2,Montipora,1,SM,1,"B,",B,B,,Bleaching ,,Patches on surface specially near the edge,BL
Leleuvia,11/26/2013,,LUSRF3,2,Acropora,2,D,0,,,,,,,,H
Leleuvia,11/26/2013,,LUSRF3,2,Pocillopora,1,SM,3,PD,,,,,,,PD
Leleuvia,11/26/2013,,LUSRF3,2,Montastrea,1,SM,1,"B, PD",B,B,,Bleaching ,,Colony is very pale and partly dead,BL
Leleuvia,11/26/2013,,LUSRF3,2,Pocillopora,1,SM,3,PD,,,,,,,PD
Leleuvia,11/26/2013,,LUSRF3,2,Acropora,3,T,0,,,,,,,,H
Leleuvia,11/26/2013,,LUSRF3,2,Pocillopora,2,SM,0,,,,,,,,H
Leleuvia,11/26/2013,,LUSRF3,2,Goniastrea,1,M ,0,,,,,,,,H
Leleuvia,11/26/2013,,LUSRF3,2,Pocillopora,1,SM,2,"GA, PD",GA,,Growth Anomalies ,,,Partly dead with GA,GA
Leleuvia,11/26/2013,,LUSRF3,2,Pocillopora,1,CC,0,,,,,,,,H
Leleuvia,11/26/2013,,LUSRF3,2,Montastrea,1,SM,0,,,,,,,,H
Leleuvia,11/26/2013,,LUSRF3,2,Acropora,6,D,0,,,,,,,,H
Leleuvia,11/26/2013,,LUSRF3,2,Acropora,3,T,0,,,,,,,,H
Leleuvia,11/26/2013,,LUSRF3,2,Goniastrea,2,SM,3,PD,,,,,,,PD
Leleuvia,11/26/2013,,LUSRF3,2,Pocillopora,3,SM,0,,,,,,,,H
Leleuvia,11/26/2013,,LUSRF3,2,Porites,1,E,3,PD,,,,,,,PD
Leleuvia,11/26/2013,,LUSRF3,2,Pocillopora,5,CC,0,,,,,,,,H
Leleuvia,11/26/2013,,LUSRF3,2,Porites,5,SM,3,PD,,,,,,,PD
Leleuvia,11/26/2013,,LUSRF3,2,Montipora,1,B,0,,,,,,,,H
Leleuvia,11/26/2013,,LUSRF3,2,Acropora,1,T,3,PD,,,,,,,PD
Leleuvia,11/26/2013,,LUSRF3,2,Acropora,2,T,0,,,,,,,,H
Leleuvia,11/26/2013,,LUSRF3,2,Pocillopora,1,SM,0,,,,,,,,H
Leleuvia,11/26/2013,,LUSRF3,2,Acropora,1,D,3,PD,,,,,,,PD
Leleuvia,11/26/2013,,LUSRF3,2,Pocillopora,1,CC,1,"B, ",B,B,,Bleaching ,,White spots and patches on tips of some branches,BL
Leleuvia,11/26/2013,,LUSRF3,2,Porites,1,SM,3,PD,,,,,,,PD
Leleuvia,11/26/2013,,LUSRF3,2,Acropora,2,D,3,PD,,,,,,,PD
Leleuvia,11/26/2013,,LUSRF3,2,Pocillopora,1,SM,0,,,,,,,,H
Leleuvia,11/26/2013,,LUSRF3,2,Acropora,1,T,0,,,,,,,Slightly fragmented,H
Leleuvia,11/26/2013,,LUSRF3,2,Pocillopora,1,CC,1,"B, PD",B,B,,Bleaching ,,Partly dead with colony looking quite pale,BL
Leleuvia,11/26/2013,,LUSRF3,2,Acropora,3,D,3,PD,,,,,,,PD
Leleuvia,11/26/2013,,LUSRF3,2,Porites,4,SM,3,PD,,,,,,,PD
Leleuvia,11/26/2013,,LUSRF3,2,Acropora,12,E,0,,,,,,,,H
Leleuvia,11/26/2013,,LUSRF3,2,Pocillopora,1,SM,2,PR,PR,,Pigmentation Response,,,Some branches show signs of discoloration and PR,PR
Leleuvia,11/26/2013,,LUSRF3,2,Fungia,1,S,0,,,,,,,,H
Leleuvia,11/26/2013,,LUSRF3,2,Acropora,2,D,3,PD,,,,,,,PD
Leleuvia,11/26/2013,,LUSRF3,2,Pocillopora,1,CC,1,"B, PD, ",B,B,,Bleaching ,,Partly dead with white spots on tips of branches,BL
Leleuvia,11/26/2013,,LUSRF3,2,Goniastrea,1,E,3,PD,,,,,,,PD
Leleuvia,11/26/2013,,LUSRF3,2,Pocillopora,1,SM,0,,,,,,,,H
Leleuvia,11/26/2013,,LUSRF3,2,Pocillopora,1,SM,2,"PR, PD",PR,,Pigmentation Response,,,Partly dead with PR,PR
Leleuvia,11/26/2013,,LUSRF3,2,Acropora,1,B,0,,,,,,,,H
Leleuvia,11/26/2013,,LUSRF3,2,Isopora,2,SM,3,PD,,,,,,,PD
Leleuvia,11/26/2013,,LUSRF3,2,Acropora,1,T,0,,,,,,,,H
Leleuvia,11/26/2013,,LUSRF3,2,Acropora,1,D,3,PD,,,,,,,PD
Leleuvia,11/26/2013,,LUSRF3,2,Porites,2,E,0,,,,,,,,H
Leleuvia,11/26/2013,,LUSRF3,2,Porites,1,SM,1,"P, PD",P,P,,Predation,,Partly dead with fish bite marks,P
Leleuvia,11/26/2013,,LUSRF3,2,Pocillopora,2,SM,2,"GA, B",GA,,Growth Anomalies ,Bleaching ,,White patches on some branches,GA
Leleuvia,11/26/2013,,LUSRF3,2,Pocillopora,1,CC,0,,,,,,,,H
Leleuvia,11/26/2013,,LUSRF3,2,Goniastrea,1,SM,1,"B, PD",B,B,,Bleaching ,,Partly dead with white patches on surface,BL
Leleuvia,11/26/2013,,LUSRF3,2,Porites,2,E,3,PD,,,,,,,PD
Leleuvia,11/26/2013,,LUSRF3,2,Isopora,1,SM,0,,,,,,,,H
Leleuvia,11/26/2013,,LUSRF3,2,Acropora,1,D,0,,,,,,,,H
Leleuvia,11/26/2013,,LUSRF3,2,Acropora,2,T,0,,,,,,,,H
Leleuvia,11/26/2013,,LUSRF3,2,Pocillopora,1,SM,0,,,,,,,,H
Leleuvia,11/26/2013,,LUSRF3,2,Pocillopora,3,CC,2,"GA, PD",GA,,Growth Anomalies ,,,Partly dead with GA,GA
Leleuvia,11/26/2013,,LUSRF3,2,Porites,1,SM,1,"FB, PD",FB,B,,Focal Bleaching ,,Partly dead with white patches on surface,FB
Leleuvia,11/26/2013,,LUSRF3,2,Acropora,5,T,0,,,,,,,,H
Leleuvia,11/26/2013,,LUSRF3,2,Porites,1,SM,1,"B, PD",B,B,,Bleaching ,,Colony looks very pale and is partly dead,BL
Leleuvia,11/26/2013,,LUSRF3,2,Acropora,2,E,0,,,,,,,,H
Leleuvia,11/26/2013,,LUSRF3,2,Acropora,1,D,2,"ESE, PD",Unique,,Enlarged Skeletal Elements,,,Partly dead with ESE,Others
Leleuvia,11/26/2013,,LUSRF3,2,Acropora,5,D,0,,,,,,,,H
Leleuvia,11/26/2013,,LUSRF3,2,Porites,1,SM,0,,,,,,,,H
Leleuvia,11/26/2013,,LUSRF3,2,Pocillopora,2,CC,0,,,,,,,,H
Leleuvia,11/26/2013,,LUSRF3,2,Acropora,9,T,0,,,,,,,,H
Leleuvia,11/26/2013,,LUSRF3,2,Pocillopora,2,SM,0,,,,,,,,H
Leleuvia,11/26/2013,,LUSRF3,2,Isopora,2,SM,0,,,,,,,,H
Leleuvia,11/26/2013,,LUSRF3,2,Pavona,2,SM,3,PD,,,,,,,PD
Leleuvia,11/26/2013,,LUSRF3,2,Porites,2,SM,1,"B, PD",B,B,,Bleaching ,,White patches on a partly dead colony ,BL
Leleuvia,11/26/2013,,LUSRF3,2,Porites,1,SM,3,PD,,,,,,,PD
Leleuvia,11/26/2013,,LUSRF3,2,Acropora,1,D,3,PD,,,,,,,PD
Leleuvia,11/26/2013,,LUSRF3,2,Pocillopora,1,SM,0,,,,,,,,H
Leleuvia,11/26/2013,,LUSRF3,2,Acropora,1,T,1,B,B,B,,Bleaching ,,Whole colony is white,BL
Leleuvia,11/26/2013,,LUSRF3,2,Pocillopora,1,SM,3,PD,,,,,,,PD
Leleuvia,11/26/2013,,LUSRF3,2,Pocillopora,1,CC,3,PD,,,,,,,PD
Leleuvia,11/26/2013,,LUSRF3,2,Acropora,1,D,3,PD,,,,,,Mostly dead only a few live branches ,PD
Leleuvia,11/26/2013,,LUSRF3,2,Acropora,1,T,0,,,,,,,,H
Leleuvia,11/26/2013,,LUSRF3,2,Pocillopora,1,SM,0,,,,,,,,H
Leleuvia,11/26/2013,,LUSRF3,3,Acropora,3,E,1,B,B,B,,Bleaching ,,Colony is very pale ,BL
Leleuvia,11/26/2013,,LUSRF3,3,Pocillopora,2,SM,0,,,,,,,,H
Leleuvia,11/26/2013,,LUSRF3,3,Hydnophora,1,M ,3,PD,,,,,,,PD
Leleuvia,11/26/2013,,LUSRF3,3,Acropora,1,D,3,PD,,,,,,,PD
Leleuvia,11/26/2013,,LUSRF3,3,Pocillopora,2,SM,3,PD,,,,,,,PD
Leleuvia,11/26/2013,,LUSRF3,3,Acropora,6,T,0,,,,,,,,H
Leleuvia,11/26/2013,,LUSRF3,3,Acropora,1,T,3,PD,,,,,,,PD
Leleuvia,11/26/2013,,LUSRF3,3,Acropora,1,D,3,PD,,,,,,,PD
Leleuvia,11/26/2013,,LUSRF3,3,Acropora,2,D,0,,,,,,,,H
Leleuvia,11/26/2013,,LUSRF3,3,Acropora,1,T,0,,,,,,,,H
Leleuvia,11/26/2013,,LUSRF3,3,Platygyra,1,M ,3,PD,,,,,,,PD
Leleuvia,11/26/2013,,LUSRF3,3,Isopora,1,SM,3,PD,,,,,,,PD
Leleuvia,11/26/2013,,LUSRF3,3,Acropora,3,T,0,,,,,,,,H
Leleuvia,11/26/2013,,LUSRF3,3,Goniopora,1,M ,3,PD,,,,,,,PD
Leleuvia,11/26/2013,,LUSRF3,3,Pocillopora,1,SM,1,B,B,B,Bleaching ,,,Whole colony  looks bleached ,BL
Leleuvia,11/26/2013,,LUSRF3,3,Acropora,1,B,0,,,,,,,,H
Leleuvia,11/26/2013,,LUSRF3,3,Stylophora,2,B,0,,,,,,,,H
Leleuvia,11/26/2013,,LUSRF3,3,Pocillopora,2,CC,3,PD,,,,,,,PD
Leleuvia,11/26/2013,,LUSRF3,3,Millepora,1,B,3,PD,,,,,,,PD
Leleuvia,11/26/2013,,LUSRF3,3,Pocillopora,1,SM,3,PD,,,,,,,PD
Leleuvia,11/26/2013,,LUSRF3,3,Acropora,1,D,3,PD,,,,,,,PD
Leleuvia,11/26/2013,,LUSRF3,3,Acropora,1,D,0,,,,,,,,H
Leleuvia,11/26/2013,,LUSRF3,3,Pocillopora,1,SM,0,,,,,,,,H
Leleuvia,11/26/2013,,LUSRF3,3,Acropora,1,D,1,B,B,B,Bleaching ,,,Whole colony bleaching ,BL
Leleuvia,11/26/2013,,LUSRF3,3,Acropora,1,T,0,,,,,,,,H
Leleuvia,11/26/2013,,LUSRF3,3,Pocillopora,1,SM,0,,,,,,,,H
Leleuvia,11/26/2013,,LUSRF3,3,Coscinaraea,1,SM,3,PD,,,,,,,PD
Leleuvia,11/26/2013,,LUSRF3,3,Montastrea,1,SM,3,PD,,,,,,,PD
Leleuvia,11/26/2013,,LUSRF3,3,Millepora,8,B,0,,,,,,,,H
Leleuvia,11/26/2013,,LUSRF3,3,Acropora,5,T,0,,,,,,,,H
Leleuvia,11/26/2013,,LUSRF3,3,Porites,1,M ,3,PD,,,,,,,PD
Leleuvia,11/26/2013,,LUSRF3,3,Acropora,2,D,0,,,,,,,,H
Leleuvia,11/26/2013,,LUSRF3,3,Pocillopora,2,SM,2,"ESE, PR",Unique,,Enlarged Skeletal Elements,Pigmentation Response,,Pink patches with some enlarged skeletons,Others
Leleuvia,11/26/2013,,LUSRF3,3,Pocillopora,1,SM,0,,,,,,,,H
Leleuvia,11/26/2013,,LUSRF3,3,Porites,1,SM,3,PD,,,,,,,PD
Leleuvia,11/26/2013,,LUSRF3,3,Porites,1,F,3,PD,,,,,,,PD
Leleuvia,11/26/2013,,LUSRF3,3,Pocillopora,1,SM,0,,,,,,,,H
Leleuvia,11/26/2013,,LUSRF3,3,Acropora,3,T,0,,,,,,,,H
Leleuvia,11/26/2013,,LUSRF3,3,Isopora,1,SM,0,,,,,,,,H
Leleuvia,11/26/2013,,LUSRF3,3,Montastrea,1,M ,3,PD,,,,,,,PD
Leleuvia,11/26/2013,,LUSRF3,3,Acropora,1,D,0,,,,,,,,H
Leleuvia,11/26/2013,,LUSRF3,3,Porites,1,M ,0,,,,,,,,H
Leleuvia,11/26/2013,,LUSRF3,3,Pocillopora,1,SM,0,,,,,,,,H
Leleuvia,11/26/2013,,LUSRF3,3,Pocillopora,2,SM,2,GA,GA,,Growth Anomalies ,,,,GA
Leleuvia,11/26/2013,,LUSRF3,3,Acropora,2,D,0,,,,,,,,H
Leleuvia,11/26/2013,,LUSRF3,3,Acropora,3,T,0,,,,,,,,H
Leleuvia,11/26/2013,,LUSRF3,3,Pavona,1,F,1,"B, ",B,B,,Bleaching ,,Part of the colony looks bleached ,BL
Leleuvia,11/26/2013,,LUSRF3,3,Millepora,4,B,3,PD,,,,,,,PD
Leleuvia,11/26/2013,,LUSRF3,3,Pocillopora,1,CC,0,,,,,,,,H
Leleuvia,11/26/2013,,LUSRF3,3,Porites,2,M ,1,"P, PD",P,P,,Predation,,Partly dead with white spots - looks like fish bite marks ,P
Leleuvia,11/26/2013,,LUSRF3,3,Acropora,1,B,0,,,,,,,,H
Leleuvia,11/26/2013,,LUSRF3,3,Pocillopora,1,CC,0,,,,,,,,H
Leleuvia,11/26/2013,,LUSRF3,3,Porites,1,M ,1,"P, PD",P,P,,Predation,,Partly dead with signs of fish bites,P
Leleuvia,11/26/2013,,LUSRF3,3,Acropora,1,SM,0,,,,,,,,H
Leleuvia,11/26/2013,,LUSRF3,3,Acropora,1,T,0,,,,,,,,H
Leleuvia,11/26/2013,,LUSRF3,3,Pocillopora,3,SM,3,PD,,,,,,,PD
Leleuvia,11/26/2013,,LUSRF3,3,Pocillopora,1,SM,0,,,,,,,,H
Leleuvia,11/26/2013,,LUSRF3,3,Pocillopora,1,CC,3,PD,,,,,,,PD
Leleuvia,11/26/2013,,LUSRF3,3,Acropora,1,T,0,,,,,,,,H
Leleuvia,11/26/2013,,LUSRF3,3,Porites,1,SM,1,"P, PD",P,P,,Predation,,Partly dead with fish bite marks ,P
Leleuvia,11/26/2013,,LUSRF3,3,Acropora,1,D,2,"ESE, PD",Unique,,Enlarged Skeletal Elements,,,Partly dead with enlarged skeleton,Others
Leleuvia,11/26/2013,,LUSRF3,3,Acropora,1,D,0,,,,,,,,H
Leleuvia,11/26/2013,,LUSRF3,3,Acropora,1,D,2,ESE,Unique,,Enlarged Skeletal Elements,,,,Others
Leleuvia,11/26/2013,,LUSRF3,3,Millepora,1,B,3,PD,,,,,,,PD
Leleuvia,11/26/2013,,LUSRF3,3,Millepora,1,SM,3,PD,,,,,,,PD
Leleuvia,11/26/2013,,LUSRF3,3,Goniastrea,1,M ,0,,,,,,,,H
Leleuvia,11/26/2013,,LUSRF3,3,Acropora,1,T,0,,,,,,,,H
Leleuvia,11/26/2013,,LUSRF3,3,Isopora,2,SM,3,PD,,,,,,,PD
Leleuvia,11/26/2013,,LUSRF3,3,Goniastrea,1,SM,3,PD,,,,,,,PD
Leleuvia,11/26/2013,,LUSRF3,3,Coscinaraea,1,SM,3,PD,,,,,,,PD
Leleuvia,11/26/2013,,LUSRF3,3,Acropora,1,T,3,PD,,,,,,,PD
Leleuvia,11/26/2013,,LUSRF3,3,Pocillopora,1,SM,3,PD,,,,,,,PD
Leleuvia,11/26/2013,,LUSRF3,3,Acropora,2,D,0,,,,,,,,H
Leleuvia,11/26/2013,,LUSRF3,3,Pocillopora,1,SM,0,,,,,,,,H
Leleuvia,11/26/2013,,LUSRF3,3,Acropora,2,T,0,,,,,,,,H
Leleuvia,11/26/2013,,LUSRF3,3,Pocillopora,2,SM,2,"GA, PD",GA,,Growth Anomalies ,,,Partly dead with GA,GA
Leleuvia,11/26/2013,,LUSRF3,3,Millepora,5,B,0,,,,,,,,H
Leleuvia,11/26/2013,,LUSRF3,3,Pocillopora,1,CC,3,PD,,,,,,,PD
Leleuvia,11/26/2013,,LUSRF3,3,Acropora,1,E,0,,,,,,,,H
Leleuvia,11/26/2013,,LUSRF3,3,Acropora,1,D,0,,,,,,,,H
Leleuvia,11/26/2013,,LUSRF3,3,Pocillopora,10,SM,0,,,,,,,,H
Leleuvia,11/26/2013,,LUSRF3,3,Acropora,46,T,0,,,,,,,,H
Leleuvia,11/26/2013,,LUSRF3,3,Acropora,5,T,3,PD,,,,,,,PD
Leleuvia,11/26/2013,,LUSRF3,3,Acropora,9,D,0,,,,,,,,H
Leleuvia,11/26/2013,,LUSRF3,3,Acropora,8,D,3,PD,,,,,,,PD
Leleuvia,11/26/2013,,LUSRF3,3,Montipora,1,F,3,PD,,,,,,,PD
Leleuvia,11/26/2013,,LUSRF3,3,Acropora,11,B,0,,,,,,,,H
Leleuvia,11/26/2013,,LUSRF3,3,Pocillopora,11,CC,0,,,,,,,,H
Leleuvia,11/26/2013,,LUSRF3,3,Acropora,11,B,3,PD,,,,,,,PD
Leleuvia,11/26/2013,,LUSRF3,3,Pocillopora,6,SM,2,GA,GA,,Growth Anomalies ,,,,GA
Leleuvia,11/26/2013,,LUSRF3,3,Montipora,2,SM,3,PD,,,,,,,PD
Leleuvia,11/26/2013,,LUSRF3,3,Porites,2,SM,0,,,,,,,,H
Leleuvia,11/26/2013,,LUSRF3,3,Pocillopora,2,SM,3,PD,,,,,,,PD
Leleuvia,11/26/2013,,LUSRF3,3,Millepora,10,B,3,PD,,,,,,,PD
Leleuvia,11/26/2013,,LUSRF3,3,Porites,2,SM,3,PD,,,,,,,PD
Leleuvia,11/26/2013,,LUSRF3,3,Porites,2,SM,0,,,,,,,,H
Leleuvia,11/26/2013,,LUSRF3,3,Goniastrea,1,M ,3,PD,,,,,,,PD
Leleuvia,11/26/2013,,LUSRF3,3,Galaxea,2,M ,0,,,,,,,,H
Leleuvia,11/26/2013,,LUSRF3,3,Montipora,1,E,1,"B, ",B,B,,Bleaching ,,White patches around the edge,BL
Leleuvia,11/26/2013,,LUSRF3,3,Acropora,1,B,1,"UWSD, P, PD",UWS,WSO,Ulcerative White Spot Disease,Predation,,Partly dead with Drupella feeding and UWSD,UWS
Leleuvia,11/26/2013,,LUSRF3,3,Favites,1,SM,1,"B, ",B,B,,Bleaching ,,White patches on surface,BL
Leleuvia,11/26/2013,,LUSRF3,3,Montipora,1,SM,0,,,,,,,,H
Leleuvia,11/26/2013,,LUSRF3,3,Acropora,1,B,2,ESE,Unique,,Enlarged Skeletal Elements,,,,Others
Leleuvia,11/26/2013,,LUSRF3,3,Leptoria,2,SM,1,"B, PD",B,B,,Bleaching ,,Partly dead with white patches,BL
Leleuvia,11/26/2013,,LUSRF3,3,Isopora,1,SM,3,PD,,,,,,,PD
Leleuvia,11/26/2013,,LUSRF3,3,Pocillopora,4,SM,0,,,,,,,,H
Leleuvia,11/26/2013,,LUSRF3,3,Favites,1,SM,0,,,,,,,,H
Leleuvia,11/26/2013,,LUSRF3,3,Porites,1,SM,1,"FB, PD",FB,B,,Focal Bleaching ,,Parlty dead with white spots on surface,FB
Leleuvia,11/26/2013,,LUSRF3,3,Acropora,4,B,0,,,,,,,,H
Leleuvia,11/26/2013,,LUSRF3,3,Goniastrea,1,M ,1,"B, ",B,B,,Bleaching ,,White patches on surface,BL
Leleuvia,11/26/2013,,LUSRF3,3,Platygyra,1,SM,3,PD,,,,,,,PD
Leleuvia,11/26/2013,,LUSRF3,3,Porites,3,SM,3,PD,,,,,,,PD
Leleuvia,11/26/2013,,LUSRF3,3,Acropora,9,T,0,,,,,,,,H
Leleuvia,11/26/2013,,LUSRF3,3,Acropora,1,T,3,PD,,,,,,,PD
Leleuvia,11/26/2013,,LUSRF3,3,Pocillopora,3,SM,2,GA,GA,,Growth Anomalies ,,,,GA
Leleuvia,11/26/2013,,LUSRF3,3,Acropora,3,D,3,PD,,,,,,,PD
Leleuvia,11/26/2013,,LUSRF3,3,Pocillopora,2,SM,3,PD,,,,,,,PD
Leleuvia,11/26/2013,,LUSRF3,3,Isopora,1,SM,3,PD,,,,,,,PD
Leleuvia,11/26/2013,,LUSRF3,3,Porites,2,SM,0,,,,,,,,H
Leleuvia,11/26/2013,,LUSRF3,3,Montipora,1,SM,0,,,,,,,,H
Leleuvia,11/26/2013,,LUSRF3,3,Pocillopora,1,CC,2,"GA, B",GA,,Growth Anomalies ,Bleaching ,,White spots on surface,GA
Leleuvia,11/26/2013,,LUSRF3,3,Porites,1,M ,0,,,,,,,,H
Leleuvia,11/26/2013,,LUSRF3,3,Porites,1,SM,3,PD,,,,,,,PD
Leleuvia,11/26/2013,,LUSRF3,3,Acropora,1,D,3,PD,,,,,,White patches on surface due to fragementation,PD
Leleuvia,11/26/2013,,LUSRF3,3,Isopora,1,SM,1,"FB, PD",FB,B,,Focal Bleaching ,,Partly dead with white patches on some branches ,FB
Leleuvia,11/26/2013,,LUSRF3,3,Acropora,2,D,0,,,,,,,,H
Leleuvia,11/26/2013,,LUSRF3,3,Goniastrea,1,SM,3,PD,,,,,,,PD
Leleuvia,11/26/2013,,LUSRF3,3,Pocillopora,1,CC,0,,,,,,,,H
Leleuvia,11/26/2013,,LUSRF3,3,Acropora,1,B,1,"WS, PD",WS,WS,White Syndrome,,,Partly dead with WS on 1 or more branches,WS
Leleuvia,11/26/2013,,LUSRF3,3,Pocillopora,1,SM,3,PD,,,,,,,PD
Leleuvia,11/26/2013,,LUSRF3,3,Isopora,1,SM,3,PD,,,,,,,PD
Leleuvia,11/26/2013,,LUSRF3,3,Isopora,1,SM,0,,,,,,,,H
Leleuvia,11/26/2013,,LUSRF3,3,Coscinaraea,1,SM,3,PD,,,,,,,PD
Leleuvia,11/26/2013,,LUSRF3,3,Leptoria,1,SM,1,"FB, PD",FB,B,,Focal Bleaching ,,Partly dead with white patches/blotches on surface,FB
Leleuvia,11/26/2013,,LUSRF3,3,Montipora,2,SM,3,PD,,,,,,,PD
Leleuvia,11/26/2013,,LUSRF3,3,Pavona,1,SM,3,PD,,,,,,,PD
Leleuvia,11/26/2013,,LUSRF3,3,Galaxea,1,M ,3,PD,,,,,,,PD
Leleuvia,11/26/2013,,LUSRF3,3,Millepora,5,B,3,PD,,,,,,,PD
Leleuvia,11/26/2013,,LUSRF3,3,Pocillopora,1,CC,0,,,,,,,,H
Leleuvia,11/26/2013,,LUSRF3,3,Acropora,9,B,0,,,,,,,,H
Leleuvia,11/26/2013,,LUSRF3,3,Acropora,1,T,4,"E, PD",,,,Eroded,,Partly dead colony with signs of organism burrowing,IG
Leleuvia,11/26/2013,,LUSRF3,3,Acropora,1,B,3,PD,,,,,,,PD
Leleuvia,11/26/2013,,LUSRF3,3,Acropora,2,T,3,PD,,,,,,,PD
Leleuvia,11/26/2013,,LUSRF3,3,Isopora,1,SM,3,PD,,,,,,,PD
Leleuvia,11/26/2013,,LUSRF3,3,Acropora,3,D,0,,,,,,,,H
Leleuvia,11/26/2013,,LUSRF3,3,Pocillopora,1,SM,2,PR,PR,,Pigmentation Response,,,Patches of pale pink or white on some branches,PR
Leleuvia,11/26/2013,,LUSRF3,3,Porites,1,SM,1,"P, PD",P,P,,Predation,,Mostly dead with a little piece of live tissue with fish bite marks,P
Leleuvia,11/26/2013,,LUSRF3,3,Porites,1,SM,1,"P, PD",P,P,,Predation,,Partly dead with fish bite marks,P
Leleuvia,11/26/2013,,LUSRF3,3,Porites,1,SM,3,PD,,,,,,,PD
Leleuvia,11/26/2013,,LUSRF3,3,Montipora,1,E,0,,,,,,,,H
Leleuvia,11/26/2013,,LUSRF3,3,Acropora,1,B,0,,,,,,,,H
Leleuvia,11/26/2013,,LUSRF3,3,Pocillopora,2,CC,3,PD,,,,,,,PD
Leleuvia,11/26/2013,,LUSRF3,3,Acropora,3,D,0,,,,,,,,H
Leleuvia,11/26/2013,,LUSRF3,3,Acropora,8,B,0,,,,,,,,H
Leleuvia,11/26/2013,,LUSRF3,3,Acropora,3,E,1,"B, ",B,B,,Bleaching ,,Colony are pale/slightly vibrant ,BL
Leleuvia,11/26/2013,,LUSRF3,3,Pocillopora,3,CC,0,,,,,,,,H
Leleuvia,11/26/2013,,LUSRF3,3,Pocillopora,1,SM,0,,,,,,,,H
Leleuvia,11/26/2013,,LUSRF3,3,Porites,1,E,3,PD,,,,,,,PD
Leleuvia,11/26/2013,,LUSRF3,3,Acropora,3,T,0,,,,,,,,H
Leleuvia,11/26/2013,,LUSRF3,3,Acropora,2,B,3,PD,,,,,,,PD
Leleuvia,11/26/2013,,LUSRF3,3,Porites,1,SM,1,"FB, PD",FB,B,,Focal Bleaching ,,Partly dead with white patches/blotches,FB
Leleuvia,11/26/2013,,LUSRF3,3,Pocillopora,2,CC,1,B,B,B,,Bleaching ,,White patches on branch tips,BL
Leleuvia,11/26/2013,,LUSRF3,3,Acropora,1,B,1,"FB,",FB,B,,Focal Bleaching ,,White patches  on some branches,FB
Leleuvia,11/26/2013,,LUSRF3,3,Pocillopora,1,SM,3,PD,,,,,,,PD
Leleuvia,11/26/2013,,LUSRF3,3,Porites,1,SM,1,P,P,P,,Predation,,Fish bite marks on surface,P
Leleuvia,11/26/2013,,LUSRF3,3,Porites,1,SM,3,PD,,,,,,,PD
Leleuvia,11/26/2013,,LUSRF3,3,Acropora,3,B,0,,,,,,,,H
Leleuvia,11/26/2013,,LUSRF3,3,Montipora,1,SM,1,"B, ",B,B,,Bleaching ,,White patches on some branches,BL
Leleuvia,11/26/2013,,LUSRF3,3,Millepora,1,B,0,,,,,,,,H
Leleuvia,11/26/2013,,LUSRF3,3,Pocillopora,1,SM,0,,,,,,,,H
Leleuvia,11/26/2013,,LUSRF3,3,Pocillopora,4,CC,0,,,,,,,,H
Leleuvia,11/26/2013,,LUSRF3,3,Acropora,2,B,0,,,,,,,,H
Leleuvia,11/26/2013,,LUSRF3,3,Acropora,4,T,0,,,,,,,,H
Leleuvia,11/26/2013,,LUSRF3,3,Pocillopora,1,SM,3,PD,,,,,,,PD
Leleuvia,11/26/2013,,LUSRF3,3,Acropora,4,B,3,PD,,,,,,,PD
Leleuvia,11/26/2013,,LUSRF3,3,Acropora,5,D,0,,,,,,,,H
Leleuvia,11/26/2013,,LUSRF3,3,Acropora,2,B,1,"B, PD",B,B,,Bleaching ,,Parlty dead with some bleached branches,BL
Leleuvia,11/26/2013,,LUSRF3,3,Acropora,3,T,2,GA,GA,,Growth Anomalies ,,,,GA
Leleuvia,11/26/2013,,LUSRF3,3,Porites,1,M ,0,,,,,,,,H
Leleuvia,11/26/2013,,LUSRF3,3,Acropora,3,T,0,,,,,,,,H
Leleuvia,11/26/2013,,LUSRF3,3,Pocillopora,1,SM,3,PD,,,,,,,PD
Leleuvia,11/26/2013,,LUSRF3,3,Acropora,1,D,3,PD,,,,,,,PD
Leleuvia,11/26/2013,,LUSRF3,3,Pocillopora,1,SM,3,PD,,,,,,,PD
Leleuvia,11/26/2013,,LUSRF3,3,Acropora,1,D,0,,,,,,,,H
Leleuvia,11/26/2013,,LUSRF3,3,Porites,1,SM,1,FB,FB,B,,Focal Bleaching ,,White patches on surface,FB
Leleuvia,11/26/2013,,LUSRF3,3,Millepora,3,B,3,PD,,,,,,,PD
Leleuvia,11/26/2013,,LUSRF3,3,Acropora,1,B,1,"FB, PD",FB,B,,Focal Bleaching ,,Parlty dead with white patches on some branches ,FB
Leleuvia,11/26/2013,,LUSRF3,3,Acropora,4,T,0,,,,,,,,H
Leleuvia,11/26/2013,,LUSRF3,3,Acropora,1,T,1,B,B,B,,Bleaching ,,White patches on some branches,BL
Leleuvia,11/26/2013,,LUSRF3,3,Acropora,1,B,3,PD,,,,,,,PD
Leleuvia,11/26/2013,,LUSRF3,3,Porites,1,SM,2,"PR, P, PD",PR,,Pigmentation Response,Predation,,Partly dead with pink patches on some parts and fish bite marks ,PR
Leleuvia,11/26/2013,,LUSRF3,3,Porites,1,SM,0,,,,,,,,H
Leleuvia,11/26/2013,,LUSRF3,3,Acropora,2,B,3,PD,,,,,,,PD
Leleuvia,11/26/2013,,LUSRF3,3,Montipora,2,SM,3,PD,,,,,,,PD
Leleuvia,11/26/2013,,LUSRF3,3,Porites,1,E,0,,,,,,,,H
Leleuvia,11/26/2013,,LUSRF3,3,Acropora,3,D,0,,,,,,,,H
Leleuvia,11/26/2013,,LUSRF3,3,Acropora,5,B,3,PD,,,,,,,PD
Leleuvia,11/26/2013,,LUSRF3,3,Pocillopora,1,CC,1,"B,",B,B,,Bleaching ,,White spots on surface,BL
Leleuvia,11/26/2013,,LUSRF3,3,Montipora,1,SM,0,,,,,,,,H
Leleuvia,11/26/2013,,LUSRF3,3,Platygyra,1,M ,0,,,,,,,,H
Leleuvia,11/26/2013,,LUSRF3,3,Acropora,5,B,0,,,,,,,,H
Leleuvia,11/26/2013,,LUSRF3,3,Acropora,2,T,0,,,,,,,,H
Leleuvia,11/26/2013,,LUSRF3,3,Acropora,1,D,0,,,,,,,,H
Leleuvia,11/26/2013,,LUSRF3,3,Isopora,1,SM,0,,,,,,,,H
Leleuvia,11/26/2013,,LUSRF3,3,Acropora,1,D,0,,,,,,,,H
Leleuvia,11/26/2013,,LUSRF3,3,Platygyra,1,M ,1,"FB, E",FB,B,,Focal Bleaching ,Eroded,"White patches on colony surface, signs of organism burrowing ",FB
Leleuvia,11/26/2013,,LUSRF3,3,Pocillopora,1,CC,0,,,,,,,,H
Leleuvia,11/26/2013,,LUSRF3,3,Acropora,1,T,1,P,P,P,,Predation,,COTS feeding sign,P
Leleuvia,11/26/2013,,LUSRF3,3,Pocillopora,2,SM,0,,,,,,,,H
Leleuvia,11/26/2013,,LUSRF3,3,Isopora,1,SM,3,PD,,,,,,,PD
Leleuvia,11/26/2013,,LUSRF3,3,Porites,2,SM,1,"B, PD",B,B,,Bleaching ,,Partly dead with white patches/blotches on surface,BL
Leleuvia,11/26/2013,,LUSRF3,3,Pocillopora,1,SM,3,PD,,,,,,,PD
Leleuvia,11/26/2013,,LUSRF3,3,Goniastrea,2,SM,3,PD,,,,,,,PD
Leleuvia,11/26/2013,,LUSRF3,3,Acropora,3,B,0,,,,,,,,H
Leleuvia,11/26/2013,,LUSRF3,3,Pocillopora,1,CC,0,,,,,,,,H
Leleuvia,11/26/2013,,LUSRF3,3,Pocillopora,1,SM,0,,,,,,,,H
Leleuvia,11/26/2013,,LUSRF3,3,Isopora,1,SM,0,,,,,,,,H
Leleuvia,11/26/2013,,LUSRF3,3,Acropora,3,D,0,,,,,,,,H
Leleuvia,11/26/2013,,LUSRF3,3,Acropora,4,D,3,PD,,,,,,,PD
Leleuvia,11/26/2013,,LUSRF3,3,Acropora,2,B,3,PD,,,,,,,PD
Leleuvia,11/26/2013,,LUSRF3,3,Acropora,1,D,1,"FB, PD",FB,B,,Focal Bleaching ,,Partly dead with white patches on some branches ,FB
Leleuvia,11/26/2013,,LUSRF3,3,Pavona,2,B,3,PD,,,,,,,PD
Leleuvia,11/26/2013,,LUSRF3,3,Acropora,1,D,4,E,,,,Eroded,,Signs of organism burrowing ,IG
Leleuvia,11/26/2013,,LUSRF3,3,Porites,1,SM,1,"P, PD",P,P,,Predation,,Partly dead with fish bite marks,P
Leleuvia,11/26/2013,,LUSRF3,3,Millepora,1,SM,3,PD,,,,,,,PD
Leleuvia,11/26/2013,,LUSRF3,3,Acropora,2,T,0,,,,,,,,H
Leleuvia,11/26/2013,,LUSRF3,3,Porites,1,SM,0,,,,,,,,H
Leleuvia,11/26/2013,,LUSRF3,3,Acropora,1,B,3,PD,,,,,,,PD
Leleuvia,11/26/2013,,LUSRF3,3,Montipora,1,E,3,PD,,,,,,,PD
Leleuvia,11/26/2013,,LUSRF3,3,Goniastrea,1,M ,3,PD,,,,,,,PD
Leleuvia,11/26/2013,,LUSRF3,3,Goniopora,1,SM,3,PD,,,,,,,PD
Leleuvia,11/26/2013,,LUSRF3,3,Pocillopora,1,SM,0,,,,,,,,H
Leleuvia,11/26/2013,,LUSRF3,3,Pocillopora,1,SM,3,PD,,,,,,,PD
Leleuvia,11/26/2013,,LUSRF3,3,Porites,1,M ,1,FB,FB,B,,Focal Bleaching ,,,FB
Leleuvia,11/26/2013,,LUSRF3,3,Acropora,2,B,0,,,,,,,,H
Leleuvia,11/26/2013,,LUSRF3,3,Acropora,3,B,3,PD,,,,,,,PD
Leleuvia,11/26/2013,,LUSRF3,3,Acropora,4,D,3,PD,,,,,,,PD
Leleuvia,11/26/2013,,LUSRF3,3,Montipora,1,SM,3,PD,,,,,,,PD
Leleuvia,11/26/2013,,LUSRF3,3,Goniastrea,1,SM,3,PD,,,,,,,PD
Leleuvia,11/26/2013,,LUSRF3,3,Acropora,1,B,1,"P, PD",P,P,,Predation,,Partly dead with signs of Drupella feeding ,P
Leleuvia,11/26/2013,,LUSRF3,3,Acropora,1,B,3,PD,,,,,,,PD
Leleuvia,11/26/2013,,LUSRF3,3,Pocillopora,1,SM,2,GA,GA,,Growth Anomalies ,,,,GA
Leleuvia,11/26/2013,,LUSRF3,3,Acropora,2,T,0,,,,,,,,H
Leleuvia,11/26/2013,,LUSRF3,3,Pocillopora,1,CC,1,"B, PD",B,B,,Bleaching ,,White patches on some branch tips ,BL
Leleuvia,11/26/2013,,LUSRF3,3,Acropora,5,D,0,,,,,,,,H
Leleuvia,11/26/2013,,LUSRF3,3,Acropora,1,B,0,,,,,,,,H
Leleuvia,11/26/2013,,LUSRF3,3,Porites,1,B,3,PD,,,,,,,PD
Leleuvia,11/26/2013,,LUSRF3,3,Porites,1,SM,3,PD,,,,,,,PD
Leleuvia,11/26/2013,,LUSRF3,3,Acropora,2,T,3,PD,,,,,,,PD
Leleuvia,11/26/2013,,LUSRF3,3,Isopora,4,SM,3,PD,,,,,,,PD
Leleuvia,11/26/2013,,LUSRF3,3,Porites,2,SM,3,PD,,,,,,,PD
Leleuvia,11/26/2013,,LUSRF3,3,Pavona,1,F,0,,,,,,,,H
Leleuvia,11/26/2013,,LUSRF3,3,Acropora,4,B,3,PD,,,,,,,PD
Leleuvia,11/26/2013,,LUSRF3,3,Acropora,1,B,0,,,,,,,,H
Leleuvia,11/26/2013,,LUSRF3,3,Acropora,10,T,0,,,,,,,,H
Leleuvia,11/26/2013,,LUSRF3,3,Goniastrea,1,SM,3,PD,,,,,,,PD
Leleuvia,11/26/2013,,LUSRF3,3,Pavona,1,SM,3,PD,,,,,,,PD
Leleuvia,11/26/2013,,LUSRF3,3,Acropora,1,B,1,"WS, PD",WS,WS,White Syndrome,,,Partly dead with WS on some branches,WS
Leleuvia,11/26/2013,,LUSRF3,3,Montipora,1,E,3,PD,,,,,,,PD
Leleuvia,11/26/2013,,LUSRF3,3,Pocillopora,3,CC,1,"B, ",B,B,,Bleaching ,,White patches on some branches ,BL
Leleuvia,11/26/2013,,LUSRF3,3,Montipora,1,E,0,,,,,,,,H
Leleuvia,11/26/2013,,LUSRF3,3,Acropora,1,D,1,"P, PD",P,P,,Predation,,Partly dead with Drupella bite marks,P
Leleuvia,11/26/2013,,LUSRF3,3,Porites,1,F,0,,,,,,,,H
Leleuvia,11/26/2013,,LUSRF3,3,Porites,1,SM,3,PD,,,,,,,PD
Leleuvia,11/26/2013,,LUSRF3,3,Porites,1,SM,1,FB,FB,B,,Focal Bleaching ,,White patches on surface,FB
Leleuvia,11/26/2013,,LUSRF3,3,Acropora,1,D,3,PD,,,,,,,PD
Leleuvia,11/26/2013,,LUSRF3,3,Platygyra,1,M ,0,,,,,,,,H
Leleuvia,11/26/2013,,LUSRF3,3,Pocillopora,1,CC,3,PD,,,,,,,PD
Leleuvia,11/26/2013,,LUSRF3,3,Pocillopora,1,SM,0,,,,,,,,H
Leleuvia,11/26/2013,,LUSRF3,3,Acropora,2,B,0,,,,,,,,H
Leleuvia,11/26/2013,,LUSRF3,3,Acropora,1,D,0,,,,,,,,H
Leleuvia,11/26/2013,,LUSRF3,3,Acropora,2,B,3,PD,,,,,,,PD
Leleuvia,11/26/2013,,LUSRF3,3,Pocillopora,1,SM,3,PD,,,,,,,PD
Leleuvia,11/26/2013,,LUSRF3,3,Acropora,3,D,3,PD,,,,,,,PD
Leleuvia,11/26/2013,,LUSRF3,3,Acropora,2,D,1,"B, PD",B,B,,Bleaching ,,White patches on some branch tip,BL
Leleuvia,11/26/2013,,LUSRF3,3,Isopora,2,SM,3,PD,,,,,,,PD
Leleuvia,11/26/2013,,LUSRF3,3,Acropora,7,T,0,,,,,,,,H
Leleuvia,11/26/2013,,LUSRF3,3,Acropora,1,B,1,FB,FB,B,,Focal Bleaching ,,White patches on some branches,FB
Leleuvia,11/26/2013,,LUSRF3,3,Acropora,1,D,0,,,,,,,,H
Leleuvia,11/26/2013,,LUSRF3,3,Pocillopora,2,CC,0,,,,,,,,H
Leleuvia,11/26/2013,,LUSRF3,3,Isopora,1,SM,0,,,,,,,,H
Leleuvia,11/26/2013,,LUSRF3,3,Pocillopora,1,SM,1,"B, PD",B,B,,Bleaching ,,Partly dead with white patches,BL
Leleuvia,11/26/2013,,LUSRF3,3,Acropora,1,B,1,"WS, PD",WS,WS,White Syndrome,,,Partly dead with WS on some branches,WS
Leleuvia,11/26/2013,,LUSRF3,3,Acropora,2,B,3,PD,,,,,,,PD
Leleuvia,11/26/2013,,LUSRF3,3,Pocillopora,1,CC,0,,,,,,,,H
Leleuvia,11/26/2013,,LUSRF3,3,Porites,1,B,3,PD,,,,,,,PD
Leleuvia,11/26/2013,,LUSRF3,3,Porites,1,SM,0,,,,,,,,H
Leleuvia,11/26/2013,,LUSRF3,3,Leptastrea,1,SM,0,,,,,,,,H
Leleuvia,11/26/2013,,LUSRF3,3,Acropora,2,T,0,,,,,,,,H
Leleuvia,11/26/2013,,LUSRF3,3,Favites,1,SM,0,,,,,,,,H
Leleuvia,11/26/2013,,LUSRF3,3,Porites,2,SM,1,"P, PD",P,P,,Predation,,Partly dead with fish bite marks,P
Leleuvia,11/26/2013,,LUSRF3,3,Acropora,2,D,0,,,,,,,,H
Leleuvia,11/26/2013,,LUSRF3,3,Pavona,1,SM,3,PD,,,,,,,PD
Leleuvia,11/26/2013,,LUSRF3,3,Favites,2,E,0,,,,,,,,H
Leleuvia,11/26/2013,,LUSRF3,3,Galaxea,1,SM,3,PD,,,,,,,PD
Leleuvia,11/26/2013,,LUSRF3,3,Acropora,6,D,0,,,,,,,,H
Leleuvia,11/26/2013,,LUSRF3,3,Acropora,2,T,0,,,,,,,,H
Leleuvia,11/26/2013,,LUSRF3,3,Porites,1,SM,0,,,,,,,,H
Leleuvia,11/26/2013,,LUSRF3,3,Pocillopora,1,CC,3,PD,,,,,,,PD
Leleuvia,11/26/2013,,LUSRF3,3,Acropora,3,T,0,,,,,,,,H
Leleuvia,11/26/2013,,LUSRF3,3,Millepora,1,B,3,PD,,,,,,,PD
Leleuvia,11/26/2013,,LUSRF3,3,Acropora,2,T,3,PD,,,,,,,PD
Leleuvia,11/26/2013,,LUSRF3,3,Acropora,1,T,1,"B, PD",B,B,,Bleaching ,,Partly dead with white patches on some branches,BL
Leleuvia,11/26/2013,,LUSRF3,3,Porites,1,SM,3,PD,,,,,,,PD
Leleuvia,11/26/2013,,LUSRF3,3,Platygyra,1,M ,0,,,,,,,,H
Leleuvia,11/26/2013,,LUSRF3,3,Acropora,4,B,3,PD,,,,,,,PD
Leleuvia,11/26/2013,,LUSRF3,3,Isopora,7,SM,3,PD,,,,,,,PD
Leleuvia,11/26/2013,,LUSRF3,3,Acropora,4,T,3,PD,,,,,,,PD
Leleuvia,11/26/2013,,LUSRF3,3,Acropora,3,D,0,,,,,,,,H
Leleuvia,11/26/2013,,LUSRF3,3,Pocillopora,1,CC,1,"B, ",B,B,,Bleaching ,,White patches on some parts,BL
Leleuvia,11/26/2013,,LUSRF3,3,Porites,1,SM,1,"P, PD",P,P,,Predation,,Partly dead with fish feeding marks ,P
Leleuvia,11/26/2013,,LUSRF3,3,Pocillopora,1,CC,3,PD,,,,,,,PD
Leleuvia,11/26/2013,,LUSRF3,3,Acropora,5,B,3,PD,,,,,,,PD
Leleuvia,11/26/2013,,LUSRF3,3,Acropora,2,T,0,,,,,,,,H
Leleuvia,11/26/2013,,LUSRF3,3,Leptoria,1,M ,0,,,,,,,,H
Leleuvia,11/26/2013,,LUSRF3,3,Porites,1,M ,1,"FB, PD",FB,B,,Focal Bleaching ,,Partly dead with white patches on surface,FB
Leleuvia,11/26/2013,,LUSRF3,3,Acropora,2,D,3,PD,,,,,,,PD
Leleuvia,11/26/2013,,LUSRF3,3,Pocillopora,1,CC,0,,,,,,,,H
Leleuvia,11/26/2013,,LUSRF3,3,Acropora,1,D,2,ESE,Unique,,Enlarged Skeletal Elements,,,,Others
Leleuvia,11/26/2013,,LUSRF3,3,Acropora,1,T,1,"B, ",B,B,,Bleaching ,,"Parlty dead, white spots on some branches and fragmented",BL
Leleuvia,11/26/2013,,LUSRF3,3,Pocillopora,1,SM,0,,,,,,,,H
Leleuvia,11/26/2013,,LUSRF3,3,Pocillopora,1,CC,0,,,,,,,,H
Leleuvia,11/26/2013,,LUSRF3,3,Pocillopora,1,CC,1,"B, PD",B,B,,Bleaching ,,White patches on branch tips ,BL
Leleuvia,11/26/2013,,LUSRF3,3,Platygyra,3,SM,0,,,,,,,,H
Leleuvia,11/26/2013,,LUSRF3,3,Millepora,2,SM,3,PD,,,,,,,PD
Leleuvia,11/26/2013,,LUSRF3,3,Porites,2,SM,3,PD,,,,,,,PD
Leleuvia,11/26/2013,,LUSRF3,3,Acropora,1,B,3,PD,,,,,,,PD
Leleuvia,11/26/2013,,LUSRF3,3,Acropora,3,T,0,,,,,,,,H
Leleuvia,11/26/2013,,LUSRF3,3,Acropora,2,T,3,PD,,,,,,,PD
Leleuvia,11/26/2013,,LUSRF3,3,Acropora,1,D,0,,,,,,,,H
Leleuvia,11/26/2013,,LUSRF3,3,Isopora,4,SM,3,PD,,,,,,,PD
Leleuvia,11/26/2013,,LUSRF3,3,Acropora,2,D,0,,,,,,,,H
Leleuvia,11/26/2013,,LUSRF3,3,Pocillopora,1,SM,1,"B,",B,B,,Bleaching ,,White patches on surface,BL
Leleuvia,11/26/2013,,LUSRF3,3,Porites,1,M ,0,,,,,,,,H
Leleuvia,11/26/2013,,LUSRF3,3,Millepora,2,B,3,PD,,,,,,,PD
Leleuvia,11/26/2013,,LUSRF3,3,Acropora,1,B,3,PD,,,,,,,PD
Leleuvia,11/26/2013,,LUSRF3,3,Acropora,1,B,1,"P, PD",P,P,,Predation,,Partly dead with Drupella and feding signs ,P
Leleuvia,11/26/2013,,LUSRF3,3,Cyphastrea,1,SM,3,PD,,,,,,,PD
Leleuvia,11/26/2013,,LUSRF3,3,Montipora,1,SM,3,PD,,,,,,,PD
Leleuvia,11/26/2013,,LUSRF3,3,Acropora,1,D,0,,,,,,,,H
Leleuvia,11/26/2013,,LUSRF3,3,Montipora,1,F,0,,,,,,,,H
Leleuvia,11/26/2013,,LUSRF3,3,Acropora,1,B,0,,,,,,,,H
Leleuvia,11/26/2013,,LUSRF3,3,Acropora,1,T,0,,,,,,,,H
Leleuvia,11/26/2013,,LUSRF3,3,Isopora,1,SM,0,,,,,,,,H
Leleuvia,11/26/2013,,LUSRF3,3,Acropora,4,T,0,,,,,,,,H
Leleuvia,11/26/2013,,LUSRF3,3,Porites,1,SM,3,PD,,,,,,,PD
Leleuvia,11/26/2013,,LUSRF3,3,Isopora,3,SM,3,PD,,,,,,,PD
Leleuvia,11/26/2013,,LUSRF3,3,Acropora,1,D,0,,,,,,,,H
Leleuvia,11/26/2013,,LUSRF3,3,Montipora,1,E,3,PD,,,,,,,PD
Leleuvia,11/26/2013,,LUSRF3,3,Goniastrea,1,SM,0,,,,,,,,H
Leleuvia,11/26/2013,,LUSRF3,3,Platygyra,1,SM,3,PD,,,,,,,PD
Leleuvia,11/26/2013,,LUSRF3,3,Acropora,1,B,3,PD,,,,,,,PD
Leleuvia,11/26/2013,,LUSRF3,3,Porites,1,SM,3,PD,,,,,,,PD
Leleuvia,11/26/2013,,LUSRF3,3,Isopora,3,SM,0,,,,,,,,H
Leleuvia,11/26/2013,,LUSRF3,3,Acropora,1,T,3,PD,,,,,,,PD
Leleuvia,11/26/2013,,LUSRF3,3,Montipora,1,SM,3,PD,,,,,,,PD
Leleuvia,11/26/2013,,LUSRF3,3,Pocillopora,1,CC,3,PD,,,,,,,PD
Leleuvia,11/26/2013,,LUSRF3,3,Acropora,2,T,0,,,,,,,,H
Leleuvia,11/26/2013,,LUSRF3,3,Porites,1,M ,3,PD,,,,,,,PD
Leleuvia,11/26/2013,,LUSRF3,3,Isopora,2,SM,3,PD,,,,,,,PD
Leleuvia,11/26/2013,,LUSRF3,3,Porites,1,M ,3,PD,,,,,,,PD
Leleuvia,11/26/2013,,LUSRF3,3,Acropora,3,D,0,,,,,,,,H
Leleuvia,11/26/2013,,LUSRF3,3,Pavona,1,SM,3,PD,,,,,,,PD
Leleuvia,11/26/2013,,LUSRF3,3,Platygyra,1,M ,0,,,,,,,,H
Leleuvia,11/26/2013,,LUSRF3,3,Favites,1,E,1,"B, ",B,B,,Bleaching ,,White patches on colony surface,BL
Leleuvia,11/26/2013,,LUSRF3,3,Cyphastrea,1,SM,3,PD,,,,,,,PD
Leleuvia,11/26/2013,,LUSRF3,3,Pocillopora,1,SM,1,B,B,B,,Bleaching ,,Tips of branches show white patches ,BL
Leleuvia,11/26/2013,,LUSRF3,3,Isopora,1,SM,3,PD,,,,,,,PD
Leleuvia,11/26/2013,,LUSRF3,3,Acropora,1,D,0,,,,,,,,H
Leleuvia,11/26/2013,,LUSRF3,3,Acropora,2,B,0,,,,,,,,H
Leleuvia,11/26/2013,,LUSRF3,3,Acropora,2,T,0,,,,,,,,H
Leleuvia,11/26/2013,,LUSRF3,3,Acropora,1,D,1,UWSD,UWS,WSO,Ulcerative White Spot Disease,,,White spots on colony surface,UWS
Leleuvia,11/26/2013,,LUSRF3,3,Acropora,1,B,0,,,,,,,,H
Leleuvia,11/26/2013,,LUSRF3,3,Montipora,1,E,3,PD,,,,,,,PD
Leleuvia,11/26/2013,,LUSRF3,3,Montastrea,1,SM,3,PD,,,,,,,PD
Leleuvia,11/26/2013,,LUSRF3,3,Millepora,1,B,3,PD,,,,,,,PD
Leleuvia,11/26/2013,,LUSRF3,3,Acropora,1,D,3,PD,,,,,,,PD
Leleuvia,11/26/2013,,LUSRF3,3,Porites,1,M ,1,"P, PD",P,P,,Predation,,Partly dead with big white patches- Druple feeding sgms ,P
Leleuvia,11/26/2013,,LUSRF3,3,Acropora,1,D,0,,,,,,,,H
Leleuvia,11/26/2013,,LUSRF3,3,Acropora,1,T,0,,,,,,,,H
Leleuvia,11/26/2013,,LUSRF3,3,Isopora,1,SM,0,,,,,,,,H
Leleuvia,11/26/2013,,LUSRF3,3,Acropora,3,D,0,,,,,,,,H
Leleuvia,11/26/2013,,LUSRF3,3,Montipora,2,SM,3,PD,,,,,,,PD
Leleuvia,11/26/2013,,LUSRF3,3,Porites,1,SM,3,PD,,,,,,,PD
Leleuvia,11/26/2013,,LUSRF3,3,Acropora,1,T,3,PD,,,,,,,PD
Leleuvia,11/26/2013,,LUSRF3,3,Pocillopora,1,CC,3,PD,,,,,,,PD
Leleuvia,11/26/2013,,LUSRF3,3,Acropora,1,T,1,"B, PD",B,B,,Bleaching ,,Parlty dead with white patches on catches,BL
Leleuvia,11/26/2013,,LUSRF3,3,Pocillopora,1,CC,0,,,,,,,,H
Leleuvia,11/26/2013,,LUSRF3,3,Acropora,2,T,0,,,,,,,,H
Leleuvia,11/26/2013,,LUSRF3,3,Acropora,2,B,0,,,,,,,,H
Leleuvia,11/26/2013,,LUSRF3,3,Isopora,2,SM,3,PD,,,,,,,PD
Leleuvia,11/26/2013,,LUSRF3,3,Goniastrea,1,SM,0,,,,,,,,H
Leleuvia,11/26/2013,,LUSRF3,3,Acropora,2,B,3,PD,,,,,,,PD
Leleuvia,11/26/2013,,LUSRF3,3,Acropora,2,T,0,,,,,,,,H
Leleuvia,11/26/2013,,LUSRF3,3,Isopora,1,SM,0,,,,,,,,H
Leleuvia,11/26/2013,,LUSRF3,3,Acropora,3,B,1,"WS, PD",WS,WS,White Syndrome,,,Partly dead with WS on a few branches ,WS
Leleuvia,11/26/2013,,LUSRF3,3,Montipora,1,SM,1,FB,FB,B,,Focal Bleaching ,,White patches around the edge ,FB
Leleuvia,11/26/2013,,LUSRF3,3,Acropora,1,B,3,PD,,,,,,,PD
Leleuvia,11/26/2013,,LUSRF3,3,Acropora,1,T,0,,,,,,,,H
Leleuvia,11/26/2013,,LUSRF3,3,Isopora,2,SM,0,,,,,,,,H
Leleuvia,11/26/2013,,LUSRF3,3,Acropora,1,T,0,,,,,,,,H
Leleuvia,11/26/2013,,LUSRF3,3,Porites,1,SM,0,,,,,,,,H
Leleuvia,11/26/2013,,LUSRF3,3,Porites,1,SM,3,PD,,,,,,,PD
Leleuvia,11/26/2013,,LUSRF3,3,Pocillopora,1,SM,0,,,,,,,,H
Leleuvia,11/26/2013,,LUSRF3,3,Acropora,1,B,3,PD,,,,,,,PD
Leleuvia,11/26/2013,,LUSRF3,3,Acropora,2,D,0,,,,,,,,H
Leleuvia,11/26/2013,,LUSRF3,3,Isopora,2,SM,0,,,,,,,,H
Leleuvia,11/26/2013,,LUSRF3,3,Pocillopora,1,SM,0,,,,,,,,H
Leleuvia,11/26/2013,,LUSRF3,3,Acropora,1,T,0,,,,,,,,H
Leleuvia,11/26/2013,,LUSRF3,3,Pocillopora,1,CC,0,,,,,,,,H
Leleuvia,11/26/2013,,LUSRF3,3,Porites,1,SM,3,PD,,,,,,,PD
Leleuvia,11/26/2013,,LUSRF3,3,Acropora,1,D,0,,,,,,,,H
Leleuvia,11/26/2013,,LUSRF3,3,Goniastrea,1,SM,3,PD,,,,,,,PD
Leleuvia,11/26/2013,,LUSRF3,3,Pavona,1,SM,3,PD,,,,,,,PD
Leleuvia,11/26/2013,,LUSRF3,3,Acropora,1,B,0,,,,,,,,H
Leleuvia,11/26/2013,,LUSRF3,3,Goniastrea,1,SM,3,PD,,,,,,,PD
Leleuvia,11/26/2013,,LUSRF3,3,Millepora,1,B,3,PD,,,,,,,PD
Leleuvia,11/26/2013,,LUSRF3,3,Acropora,1,B,3,PD,,,,,,,PD
,,,,,,,,,,,,,,,,
,,,,,,,,,,,,,,,,
,,,,,,,,,,,,,,,,
,,,,,,,,,,,,,,,,
,,,,,,,,,,,,,,,,
,,,,,,,,,,,,,,,,
,,,,,,,,,,,,,,,,
,,,,,,,,,,,,,,,,
,,,,,,,,,,,,,,,,
,,,,,,,,,,,,,,,,
,,,,,,,,,,,,,,,,
,,,,,,,,,,,,,,,,
,,,,,,,,,,,,,,,,
,,,,,,,,,,,,,,,,
,,,,,,,,,,,,,,,,
