Location,Date,Time,SiteName,Transect#,Genus ,NumberperTransect,Growthforms,Signs of abornmality,Types,Potential Syndrome - If disease,Other non disease potential ,Other potential non diseae Symptom,Comments,Cat
NanuyaLailai,,,NLDF2,1,Acropora,5,T,0,,,,,,H
NanuyaLailai,,,NLDF2,1,Acropora,2,T,1,"P, PD",,,,,P
NanuyaLailai,,,NLDF2,1,Pocillopora,1,CC,1,"B, PD",,Bleaching ,,Partly dead and bleached,B
NanuyaLailai,,,NLDF2,1,Porites,1,M ,1,"FB, P",,Focal Bleaching ,Predation,White patches and spots on colony surface,FB
NanuyaLailai,,,NLDF2,1,Pocillopora,2,CC,0,,,,,,H
NanuyaLailai,,,NLDF2,1,Millepora,1,B,3,PD,,,,,PD
NanuyaLailai,,,NLDF2,1,Pavona,1,F,0,,,,,,H
NanuyaLailai,,,NLDF2,1,Acropora,4,B,0,,,,,,H
NanuyaLailai,,,NLDF2,1,Millepora,3,SM,3,PD,,,,,PD
NanuyaLailai,,,NLDF2,1,Acropora,1,B,1,"B, P, PD",,Bleaching ,Predation,Partly dead with white bands near growth end ,B
NanuyaLailai,,,NLDF2,1,Millepora,1,SM,0,,,,,,H
NanuyaLailai,,,NLDF2,1,Acropora,1,B,3,PD,,,,,PD
NanuyaLailai,,,NLDF2,1,Montipora,1,SM,3,PD,,,,,PD
NanuyaLailai,,,NLDF2,1,Porites,1,SM,1,P,,Predation,,White spots/patches on surface,P
NanuyaLailai,,,NLDF2,1,Porites,3,M ,3,PD,,,,,PD
NanuyaLailai,,,NLDF2,1,Diploastrea,1,M ,0,,,,,,H
NanuyaLailai,,,NLDF2,1,Favites,1,M ,1,"B, ",,Bleaching ,,White patch on surface,B
NanuyaLailai,,,NLDF2,1,Porites,1,M ,1,"B, PD",,Bleaching ,,Partly bleached and dead,B
NanuyaLailai,,,NLDF2,1,Pavona,1,F,0,,,,,,H
NanuyaLailai,,,NLDF2,1,Porites,5,E,3,PD,,,,,PD
NanuyaLailai,,,NLDF2,1,Acropora,1,T,3,PD,,,,,PD
NanuyaLailai,,,NLDF2,1,Astreopora,1,SM,3,PD,,,,,PD
NanuyaLailai,,,NLDF2,1,Porites,1,M ,1,"FB, E",,Focal Bleaching ,Eroded,Big white patches with organisms burrowing in,FB
NanuyaLailai,,,NLDF2,1,Porites,6,SM,3,PD,,,,,PD
NanuyaLailai,,,NLDF2,1,Acropora,1,T,0,,,,,,H
NanuyaLailai,,,NLDF2,1,Stylophora,1,B,0,,,,,,H
NanuyaLailai,,,NLDF2,1,Goniastrea,1,E,0,,,,,,H
NanuyaLailai,,,NLDF2,1,Porites,1,M ,3,PD,,,,,PD
NanuyaLailai,,,NLDF2,1,Acropora,3,T,0,,,,,,H
NanuyaLailai,,,NLDF2,1,Platygyra,1,E,0,,,,,,H
NanuyaLailai,,,NLDF2,1,Porites,2,SM,1,"P, PD",,Predation,,Partly dead with fish bite marks ,P
NanuyaLailai,,,NLDF2,1,Montastrea,1,M ,0,,,,,,H
NanuyaLailai,,,NLDF2,1,Favites,1,SM,0,,,,,,H
NanuyaLailai,,,NLDF2,1,Millepora,3,SM,3,PD,,,,,PD
NanuyaLailai,,,NLDF2,1,Porites,1,SM,2,"PR, PD",Pigmentation Response,,,Partly dead with pink and white spots on surface,PR
NanuyaLailai,,,NLDF2,1,Porites,3,M ,1,UWSD,Ulcerative White Spot Disease,,,White spots on surface,UWS
NanuyaLailai,,,NLDF2,1,Favites,1,E,3,PD,,,,,PD
NanuyaLailai,,,NLDF2,1,Favites,1,SM,0,,,,,,H
NanuyaLailai,,,NLDF2,1,Diploastrea,1,M ,0,,,,,,H
NanuyaLailai,,,NLDF2,1,Echinopora,1,F,3,PD,,,,,PD
NanuyaLailai,,,NLDF2,1,Porites,1,M ,3,PD,,,,Competing with neighboring colony ,PD
NanuyaLailai,,,NLDF2,1,Pavona,1,E,3,PD,,,,Competing with neighboring colony,PD
NanuyaLailai,,,NLDF2,1,Acropora,1,T,0,,,,,,H
NanuyaLailai,,,NLDF2,1,Porites,1,SM,1,"P, PD",,Predation,,"Partly dead with white patches, potentially fish bite mark",P
NanuyaLailai,,,NLDF2,1,Porites,1,E,3,PD,,,,,PD
NanuyaLailai,,,NLDF2,1,Montipora,1,SM,3,PD,,,,,PD
NanuyaLailai,,,NLDF2,1,Porites,1,F,3,PD,,,,,PD
NanuyaLailai,,,NLDF2,1,Montipora,1,SM,1,"FB, PD",,Focal Bleaching ,,Partly dead with white patches on surface,FB
NanuyaLailai,,,NLDF2,1,Porites,1,SM,3,PD,,,,,PD
NanuyaLailai,,,NLDF2,1,Pocillopora,1,CC,1,"B, PD",,Bleaching ,,Partly dead and bleached,B
NanuyaLailai,,,NLDF2,1,Pocillopora,1,SM,3,PD,,,,,PD
NanuyaLailai,,,NLDF2,1,Montipora,1,F,0,,,,,,H
NanuyaLailai,,,NLDF2,1,Pocillopora,1,CC,0,,,,,,H
NanuyaLailai,,,NLDF2,1,Acropora,1,B,0,,,,,,H
NanuyaLailai,,,NLDF2,1,Acropora,1,B,3,PD,,,,,PD
NanuyaLailai,,,NLDF2,1,Porites,1,SM,1,"WS, P, PD",White Syndrome,Predation,,Partly dead with one edge showing white band. Also some fish bite marks,WS
NanuyaLailai,,,NLDF2,1,Cyphastrea,1,B,0,,,,,,H
NanuyaLailai,,,NLDF2,1,Diploastrea,1,SM,3,PD,,,,,PD
NanuyaLailai,,,NLDF2,1,Acropora,1,T,1,"P, PD",,Predation,,Partly dead with WS,P
NanuyaLailai,,,NLDF2,1,Porites,1,M ,3,PD,,,,,PD
NanuyaLailai,,,NLDF2,1,Acropora,1,T,2,GA,Growth Anomalies ,,,,GA
NanuyaLailai,,,NLDF2,1,Echinopora,1,F,3,PD,,,,,PD
NanuyaLailai,,,NLDF2,1,Acropora,1,B,3,PD,,,,,PD
NanuyaLailai,,,NLDF2,1,Porites,1,E,3,PD,,,,,PD
NanuyaLailai,,,NLDF2,1,Porites,1,M ,1,"FB, PD",,Focal Bleaching ,,Partly dead with white patches on surface,FB
NanuyaLailai,,,NLDF2,1,Acropora,2,T,3,PD,,,,,PD
NanuyaLailai,,,NLDF2,1,Pocillopora,1,CC,1,"B, PD",,Bleaching ,,Partly dead with white patches on branches,B
NanuyaLailai,,,NLDF2,1,Porites,2,SM,1,"FB, PD",,Focal Bleaching ,,Partly dead with white patches ,FB
NanuyaLailai,,,NLDF2,1,Pocillopora,1,SM,1,"P, PD",,Predation,,Partly dead with white patches ,P
NanuyaLailai,,,NLDF2,1,Acropora,1,T,1,B,,Bleaching ,,,B
NanuyaLailai,,,NLDF2,1,Echinopora,1,F,3,PD,,,,,PD
NanuyaLailai,,,NLDF2,1,Pocillopora,1,CC,0,,,,,,H
NanuyaLailai,,,NLDF2,1,Pocillopora,6,SM,1,"FB, PD",,Focal Bleaching ,,Partly dead with white patches on surface,FB
NanuyaLailai,,,NLDF2,1,Acropora,1,B,0,,,,,,H
NanuyaLailai,,,NLDF2,1,Diploastrea,1,M ,0,,,,,,H
NanuyaLailai,,,NLDF2,1,Acropora,4,T,0,,,,,,H
NanuyaLailai,,,NLDF2,1,Porites,1,SM,1,P,,Predation,,White spots on surface,P
NanuyaLailai,,,NLDF2,1,Porites,1,SM,3,PD,,,,,PD
NanuyaLailai,,,NLDF2,1,Stylophora,1,B,1,B,,,,Whole colony bleached ,B
NanuyaLailai,,,NLDF2,1,Montipora,1,SM,1,"FB, PD",,Focal Bleaching ,,Partly dead with white patches on surface,FB
NanuyaLailai,,,NLDF2,1,Porites,1,M ,2,PR,Pigmentation Response,,,Pale patches on surface,PR
NanuyaLailai,,,NLDF2,1,Acropora,1,T,0,,,,,,H
NanuyaLailai,,,NLDF2,1,Stylophora,1,B,0,,,,,,H
NanuyaLailai,,,NLDF2,1,Millepora,2,SM,3,PD,,,,,PD
NanuyaLailai,,,NLDF2,1,Acropora,2,B,0,,,,,,H
NanuyaLailai,,,NLDF2,1,Porites,1,M ,3,PD,,,,,PD
NanuyaLailai,,,NLDF2,1,Acropora,3,T,0,,,,,,H
NanuyaLailai,,,NLDF2,1,Montipora,1,SM,1,"UWSD, PD",Ulcerative White Spot Disease,,,Partly dead with white spots on surface,UWS
NanuyaLailai,,,NLDF2,1,Montipora,1,SM,4,"E, PD",,Eroded,,Signs of other organism burrowing ,E
NanuyaLailai,,,NLDF2,1,Acropora,1,T,0,,,,,,H
NanuyaLailai,,,NLDF2,1,Goniastrea,1,M ,3,PD,,,,,PD
NanuyaLailai,,,NLDF2,1,Pavona,1,SM,3,PD,,,,,PD
NanuyaLailai,,,NLDF2,1,Porites,2,SM,3,PD,,,,,PD
NanuyaLailai,,,NLDF2,1,Porites,1,SM,1,"P, PD",,Predation,,Partly dead with fish bite marks,P
NanuyaLailai,,,NLDF2,1,Porites,2,SM,0,,,,,,H
NanuyaLailai,,,NLDF2,1,Porites,1,SM,2,PR,Pigmentation Response,,,Pale or pink patches on surface,PR
NanuyaLailai,,,NLDF2,1,Porites,1,M ,3,PD,,,,,PD
NanuyaLailai,,,NLDF2,1,Pocillopora,1,CC,0,,,,,,H
NanuyaLailai,,,NLDF2,1,Acropora,4,B,3,PD,,,,,PD
NanuyaLailai,,,NLDF2,1,Pocillopora,2,SM,1,"B, PD",,Bleaching ,,Partly dead with white patches on some branches,B
NanuyaLailai,,,NLDF2,1,Acropora,2,B,3,PD,,,,,PD
NanuyaLailai,,,NLDF2,1,Acropora,2,B,3,PD,,,,,PD
NanuyaLailai,,,NLDF2,1,Acropora,1,B,1,"B, PD",,Bleaching ,,Partly dead with some white branches,B
NanuyaLailai,,,NLDF2,1,Pocillopora,2,CC,3,PD,,,,,PD
NanuyaLailai,,,NLDF2,1,Fungia,1,SM,0,,,,,,H
NanuyaLailai,,,NLDF2,1,Porites,1,E,3,PD,,,,,PD
NanuyaLailai,,,NLDF2,1,Millepora,1,SM,3,PD,,,,,PD
NanuyaLailai,,,NLDF2,1,Pocillopora,1,CC,0,,,,,,H
NanuyaLailai,,,NLDF2,1,Porites,1,M ,3,PD,,,,,PD
NanuyaLailai,,,NLDF2,1,Porites,1,M ,1,"USWD, P, PD",Ulcerative White Spot Disease,Predation,,Partly dead with white spots and fish bite marks,UWS
NanuyaLailai,,,NLDF2,1,Acropora,1,T,0,,,,,,H
NanuyaLailai,,,NLDF2,1,Montipora,1,SM,3,PD,,,,,PD
NanuyaLailai,,,NLDF2,1,Acropora,1,T,0,,,,,,H
NanuyaLailai,,,NLDF2,1,Acropora,1,T,1,B,,Bleaching ,,Whole colony is white,B
NanuyaLailai,,,NLDF2,1,Montipora,1,SM,3,PD,,,,,PD
NanuyaLailai,,,NLDF2,1,Acropora,1,T,1,B,,Bleaching ,,Some parts of colony bleached,B
NanuyaLailai,,,NLDF2,1,Pocillopora,2,CC,1,"B, PD",,Bleaching ,,Partly dead with some branches bleached,B
NanuyaLailai,,,NLDF2,1,Porites,2,M ,2,"E, PR, PD",Pigmentation Response,Eroded,,Partly dead with signs of organism burrowing and pink spots around injury ,PR
NanuyaLailai,,,NLDF2,1,Porites,2,SM,3,PD,,,,,PD
NanuyaLailai,,,NLDF2,1,Acropora,3,T,0,,,,,,H
NanuyaLailai,,,NLDF2,1,Porites,1,E,0,,,,,,H
NanuyaLailai,,,NLDF2,1,Porites,2,SM,3,PD,,,,,PD
NanuyaLailai,,,NLDF2,1,Porites,1,M ,0,,,,,,H
NanuyaLailai,,,NLDF2,1,Porites,1,M ,1,"FB, P, PD",,Focal Bleaching ,Predation,Partly dead massive colony with white patches and fish bite marks ,FB
NanuyaLailai,,,NLDF2,1,Pocillopora,1,CC,1,"B, PD",,Bleaching ,,Partly dead with white patches on some branches,B
NanuyaLailai,,,NLDF2,1,Acropora,1,T,1,"B, ",,Bleaching ,,White patches on some branches,B
NanuyaLailai,,,NLDF2,1,Diploastrea,1,M ,0,,,,,,H
NanuyaLailai,,,NLDF2,1,Acropora,7,T,0,,,,,,H
NanuyaLailai,,,NLDF2,1,Pocillopora,1,CC,3,PD,,,,,PD
NanuyaLailai,,,NLDF2,1,Acropora,2,B,0,,,,,,H
NanuyaLailai,,,NLDF2,1,Coscinaraea,1,SM,0,,,,,,H
NanuyaLailai,,,NLDF2,1,Millepora,1,SM,3,PD,,,,,PD
NanuyaLailai,,,NLDF2,1,Porites,1,F,3,PD,,,,,PD
NanuyaLailai,,,NLDF2,1,Porites,1,M ,1,"P, PD",,Predation,,Partly dead with fish bite marks,P
NanuyaLailai,,,NLDF2,1,Millepora,1,B,3,PD,,,,,PD
NanuyaLailai,,,NLDF2,1,Porites,1,SM,0,,,,,,H
NanuyaLailai,,,NLDF2,1,Fungia,1,S,2,PR,Pigmentation Response,,,Purple coloration on the side of colony,PR
NanuyaLailai,,,NLDF2,1,Acropora,1,B,1,"B, ",,Bleaching ,,Some branches are bleached,B
NanuyaLailai,,,NLDF2,1,Acropora,1,D,0,,,,,,H
NanuyaLailai,,,NLDF2,1,Favites,1,SM,3,PD,,,,,PD
NanuyaLailai,,,NLDF2,1,Porites,1,M ,1,"UWSD, PD",Ulcerative White Spot Disease,,,Partly dead with white spots on surface,UWS
NanuyaLailai,,,NLDF2,1,Acropora,1,T,0,,,,,,H
NanuyaLailai,,,NLDF2,1,Pocillopora,1,CC,3,PD,,,,,PD
NanuyaLailai,,,NLDF2,1,Stylophora,1,B,1,B,,Bleaching ,,White patches on some branches,B
NanuyaLailai,,,NLDF2,1,Acropora,2,B,3,PD,,,,,PD
NanuyaLailai,,,NLDF2,1,Acropora,1,T,0,,,,,,H
NanuyaLailai,,,NLDF2,1,Millepora,1,SM,3,PD,,,,,PD
NanuyaLailai,,,NLDF2,1,Pocillopora,1,SM,0,,,,,,H
NanuyaLailai,,,NLDF2,1,Acropora,1,B,1,"USWD, PD",Ulcerative White Spot Disease,,,Partly dead with white spots on surface,UWS
NanuyaLailai,,,NLDF2,1,Porites,2,M ,0,,,,,,H
NanuyaLailai,,,NLDF2,1,Porites,1,M ,1,USWD,Ulcerative White Spot Disease,,,White spots on surface,UWS
NanuyaLailai,,,NLDF2,1,Stylophora,1,B,0,,,,,,H
NanuyaLailai,,,NLDF2,1,Millepora,1,SM,3,PD,,,,,PD
NanuyaLailai,,,NLDF2,1,Acropora,1,T,0,,,,,,H
NanuyaLailai,,,NLDF2,1,Acropora,1,T,3,PD,,,,,PD
NanuyaLailai,,,NLDF2,1,Porites,1,SM,0,,,,,,H
NanuyaLailai,,,NLDF2,1,Acropora,1,B,3,PD,,,,,PD
NanuyaLailai,,,NLDF2,1,Acropora,1,T,0,,,,,,H
NanuyaLailai,,,NLDF2,1,Millepora,1,SM,3,PD,,,,,PD
NanuyaLailai,,,NLDF2,1,Goniastrea,1,M ,0,,,,,,H
NanuyaLailai,,,NLDF2,1,Favites,1,SM,3,PD,,,,,PD
NanuyaLailai,,,NLDF2,1,Fungia,1,S,2,"GA, FB",Growth Anomalies ,Focal Bleaching ,,Colony with GA and white patches ,GA
NanuyaLailai,,,NLDF2,1,Porites,1,M ,1,"B, PD",,Bleaching ,,Partly dead with uneven white spots on surface,B
NanuyaLailai,,,NLDF2,1,Montipora,1,E,1,"B, PD",,Bleaching ,,Partly dead with white patches on surface,B
NanuyaLailai,,,NLDF2,1,Acropora,1,T,0,,,,,,H
NanuyaLailai,,,NLDF2,1,Porites,1,E,3,PD,,,,,PD
NanuyaLailai,,,NLDF2,1,Porites,1,SM,0,,,,,,H
NanuyaLailai,,,NLDF2,1,Porites,1,SM,3,PD,,,,,PD
NanuyaLailai,,,NLDF2,1,Acropora,2,T,0,,,,,,H
NanuyaLailai,,,NLDF2,1,Acropora,1,B,1,"FB, PD",,Focal Bleaching ,,Partly dead with white patches on some branches,FB
NanuyaLailai,,,NLDF2,1,Montipora,1,SM,3,PD,,,,,PD
NanuyaLailai,,,NLDF2,1,Millepora,1,SM,3,PD,,,,,PD
NanuyaLailai,,,NLDF2,1,Acropora,1,T,1,B,,Bleaching ,,Partly bleached,B
NanuyaLailai,,,NLDF2,1,Montipora,1,F,1,"B, PD",,Bleaching ,,Partly dead and bleached,B
NanuyaLailai,,,NLDF2,1,Montipora,1,SM,2,"PR, PD, PD",Pigmentation Response,Predation,,Partly dead colony with pink and purple spots and big fish feeding marks,PR
NanuyaLailai,,,NLDF2,1,Favites,1,SM,1,"B, PD",,Bleaching ,,Partly dead with big white patches on surface,B
NanuyaLailai,,,NLDF2,1,Porites,1,SM,3,PD,,,,,PD
NanuyaLailai,,,NLDF2,1,Acropora,1,B,0,,,,,,H
NanuyaLailai,,,NLDF2,1,Acropora,1,T,0,,,,,,H
NanuyaLailai,,,NLDF2,1,Diploastrea,1,M ,0,,,,,,H
NanuyaLailai,,,NLDF2,1,Favites,1,E,3,PD,,,,,PD
NanuyaLailai,,,NLDF2,1,Pavona,1,SM,2,"PR, PD",Pigmentation Response,,,Partly dead with pink and purple patches,PR
NanuyaLailai,,,NLDF2,1,Millepora,1,B,0,,,,,,H
NanuyaLailai,,,NLDF2,1,Acropora,6,B,0,,,,,,H
NanuyaLailai,,,NLDF2,1,Porites,2,SM,3,PD,,,,,PD
NanuyaLailai,,,NLDF2,1,Acropora,1,T,0,,,,,,H
NanuyaLailai,,,NLDF2,1,Montipora,1,SM,3,PD,,,,,PD
NanuyaLailai,,,NLDF2,1,Acropora,1,T,0,,,,,,H
NanuyaLailai,,,NLDF2,1,Acropora,1,T,0,,,,,,H
NanuyaLailai,,,NLDF2,1,Pavona,1,E,0,,,,,,H
NanuyaLailai,,,NLDF2,1,Porites,1,M ,1,"P, PD",,Predation,,Partly dead with drupella feeding mark,P
NanuyaLailai,,,NLDF2,1,Acropora,1,T,1,"UWSD, FB, PD",Ulcerative White Spot Disease,Focal Bleaching ,,Partly dead with white spots and patches,UWS
NanuyaLailai,,,NLDF2,1,Acropora,3,T,0,,,,,,H
NanuyaLailai,,,NLDF2,1,Porites,1,SM,3,PD,,,,,PD
NanuyaLailai,,,NLDF2,1,Pavona,1,SM,3,"P, PD",,Predation,,Fish feeding mark,PD
NanuyaLailai,,,NLDF2,1,Echinophyllia,1,F,1,"FB, PD",,Focal Bleaching ,,Partly dead with white spots on surface,FB
NanuyaLailai,,,NLDF2,1,Porites,1,E,3,PD,,,,,PD
NanuyaLailai,,,NLDF2,1,Acropora,1,T,0,,,,,,H
NanuyaLailai,,,NLDF2,1,Echinopora,1,F,3,PD,,,,,PD
NanuyaLailai,,,NLDF2,1,Acropora,1,T,0,,,,,,H
NanuyaLailai,,,NLDF2,1,Acropora,1,T,2,"GA, PD",Growth Anomalies ,,,Partly dead with GA,GA
NanuyaLailai,,,NLDF2,1,Acropora,3,T,0,,,,,,H
NanuyaLailai,,,NLDF2,1,Pavona,1,SM,3,PD,,,,,PD
NanuyaLailai,,,NLDF2,1,Acropora,1,T,1,"P, GA, PD",Growth Anomalies ,Predation,,Partly dead with GA and potential COTs feeding,P
NanuyaLailai,,,NLDF2,1,Pavona,2,SM,3,PD,,,,,PD
NanuyaLailai,,,NLDF2,1,Millepora,1,SM,3,PD,,,,,PD
NanuyaLailai,,,NLDF2,1,Acropora,1,T,3,PD,,,,,PD
NanuyaLailai,,,NLDF2,1,Acropora,3,T,0,,,,,,H
NanuyaLailai,,,NLDF2,1,Acropora,1,D,0,,,,,,H
NanuyaLailai,,,NLDF2,1,Echinophyllia,1,F,1,"FB, PD",,Focal Bleaching ,,Partly dead with white patches,FB
NanuyaLailai,,,NLDF2,1,Favites,1,SM,3,PD,,,,,PD
NanuyaLailai,,,NLDF2,1,Favites,1,SM,1,"B, PD",,Bleaching ,,Partly dead with white patches,B
NanuyaLailai,,,NLDF2,1,Pavona,1,SM,3,PD,,,,,PD
NanuyaLailai,,,NLDF2,1,Acropora,1,B,1,"UWSD, PD",Ulcerative White Spot Disease,,,Partly dead with white spots on surface,UWS
NanuyaLailai,,,NLDF2,1,Montipora,1,SM,1,"UWSD, E, PD",Ulcerative White Spot Disease,Eroded,,"Partly dead with white spots, signs of organism burrowing",UWS
NanuyaLailai,,,NLDF2,1,Acropora,1,T,0,,,,,,H
NanuyaLailai,,,NLDF2,1,Pavona,1,SM,1,"P, PD",,Predation,,Partly dead with white spots on surface,P
NanuyaLailai,,,NLDF2,1,Fungia,1,S,0,,,,,,H
NanuyaLailai,,,NLDF2,1,Montipora,1,SM,3,PD,,,,,PD
NanuyaLailai,,,NLDF2,1,Pocillopora,1,SM,3,PD,,,,,PD
NanuyaLailai,,,NLDF2,1,Acropora,1,T,0,,,,,,H
NanuyaLailai,,,NLDF2,1,Pavona,1,SM,3,PD,,,,,PD
NanuyaLailai,,,NLDF2,1,Acropora,5,T,0,,,,,,H
NanuyaLailai,,,NLDF2,1,Porites,1,M ,1,P,,Predation,,Partly dead with white spots(fish feeding marks),P
NanuyaLailai,,,NLDF2,1,Acropora,1,B,0,,,,,,H
NanuyaLailai,,,NLDF2,1,Pavona,1,SM,1,"FB, PD",,Focal Bleaching ,,Partly dead with white spot ,FB
NanuyaLailai,,,NLDF2,1,Porites,2,SM,3,PD,,,,,PD
NanuyaLailai,,,NLDF2,1,Porites,1,SM,3,PD,,,,,PD
NanuyaLailai,,,NLDF2,1,Porites,1,M ,0,,,,,,H
NanuyaLailai,,,NLDF2,1,Diploastrea,1,E,0,,,,,,H
NanuyaLailai,,,NLDF2,1,Millepora,1,SM,3,PD,,,,,PD
NanuyaLailai,,,NLDF2,1,Acropora,2,T,0,,,,,,H
NanuyaLailai,,,NLDF2,1,Pavona,1,SM,3,PD,,,,,PD
NanuyaLailai,,,NLDF2,1,Porites,1,E,3,PD,,,,,PD
NanuyaLailai,,,NLDF2,1,Acropora,3,T,0,,,,,,H
NanuyaLailai,,,NLDF2,1,Fungia,1,S,0,,,,,,H
NanuyaLailai,,,NLDF2,1,Acropora,1,T,0,,,,,,H
NanuyaLailai,,,NLDF2,1,Porites,1,M ,3,PD,,,,,PD
NanuyaLailai,,,NLDF2,1,Pavona,1,M ,3,PD,,,,,PD
NanuyaLailai,,,NLDF2,1,Millepora,3,SM,3,PD,,,,,PD
NanuyaLailai,,,NLDF2,1,Favites,1,E,1,"B, PD",,Bleaching ,,Partly dead with almost whole colony bleached,B
NanuyaLailai,,,NLDF2,1,Porites,1,M ,1,"P, PD",,Predation,,Partly dead with fish feeding marks ,P
NanuyaLailai,,,NLDF2,1,Pocillopora,1,SM,3,PD,,,,,PD
NanuyaLailai,,,NLDF2,1,Acropora,1,T,0,,,,,,H
NanuyaLailai,,,NLDF2,1,Acropora,1,D,3,PD,,,,,PD
NanuyaLailai,,,NLDF2,1,Acropora,4,B,3,PD,,,,,PD
NanuyaLailai,,,NLDF2,1,Porites,1,M ,1,"UWSD, PD",Ulcerative White Spot Disease,,,Partly dead with white spots,UWS
NanuyaLailai,,,NLDF2,1,Acropora,1,T,0,,,,,,H
NanuyaLailai,,,NLDF2,1,Hydnophora,1,B,0,,,,,,H
NanuyaLailai,,,NLDF2,1,Montipora,1,SM,3,PD,,,,,PD
NanuyaLailai,,,NLDF2,1,Acropora,1,T,0,,,,,,H
NanuyaLailai,,,NLDF2,1,Pocillopora,1,CC,3,PD,,,,,PD
NanuyaLailai,,,NLDF2,1,Porites,1,E,1,FB,,Focal Bleaching ,,White spots on surface,FB
NanuyaLailai,,,NLDF2,1,Acropora,1,B,3,PD,,,,,PD
NanuyaLailai,,,NLDF2,1,Isopora,1,SM,3,PD,,,,,PD
NanuyaLailai,,,NLDF2,1,Millepora,1,B,3,PD,,,,,PD
NanuyaLailai,,,NLDF2,1,Goniastrea,1,SM,3,PD,,,,,PD
NanuyaLailai,,,NLDF2,1,Leptastrea,1,E,0,,,,,,H
NanuyaLailai,,,NLDF2,1,Porites,1,M ,1,"UWSD, PD",Ulcerative White Spot Disease,,,Partly dead with white spots on surface,UWS
NanuyaLailai,,,NLDF2,1,Millepora,2,B,3,PD,,,,,PD
NanuyaLailai,,,NLDF2,1,Montipora,1,E,1,"UWSD, E, PD",Ulcerative White Spot Disease,Eroded,,Partly dead with white spots and organism burrowing ,UWS
NanuyaLailai,,,NLDF2,1,Galaxea,1,E,1,"B, ",,Bleaching ,,White patches on some parts,B
NanuyaLailai,,,NLDF2,1,Acropora,2,T,0,,,,,,H
NanuyaLailai,,,NLDF2,1,Acropora,1,T,1,B,,Bleaching ,,Partly bleached,B
NanuyaLailai,,,NLDF2,1,Millepora,1,SM,3,PD,,,,,PD
NanuyaLailai,,,NLDF2,1,Montipora,1,SM,4,E,,Eroded,,Partly dead with organism burrowing sign,E
NanuyaLailai,,,NLDF2,1,Favites,1,SM,1,B,,Bleaching ,,Partly dead with white spots on surface,B
NanuyaLailai,,,NLDF2,1,Acropora,1,B,0,,,,,,H
NanuyaLailai,,,NLDF2,1,Acropora,1,T,0,,,,,,H
NanuyaLailai,,,NLDF2,1,Platygyra,1,E,0,,,,,,H
NanuyaLailai,,,NLDF2,1,Porites,1,E,3,PD,,,,,PD
NanuyaLailai,,,NLDF2,1,Acropora,1,B,1,B,,Bleaching ,,Some branches show signs of bleaching,B
NanuyaLailai,,,NLDF2,1,Montipora,1,B,3,PD,,,,,PD
NanuyaLailai,,,NLDF2,1,Acropora,2,T,0,,,,,,H
NanuyaLailai,,,NLDF2,1,Montipora,1,E,1,"B, PD",,Bleaching ,,Partly dead with white patches ,B
NanuyaLailai,,,NLDF2,1,Porites,1,F,3,PD,,,,,PD
NanuyaLailai,,,NLDF2,1,Acropora,1,B,0,,,,,,H
NanuyaLailai,,,NLDF2,1,Porites,1,B,0,,,,,,H
NanuyaLailai,,,NLDF2,1,Acropora,1,T,0,,,,,,H
NanuyaLailai,,,NLDF2,1,Pocillopora,1,CC,0,,,,,,H
NanuyaLailai,,,NLDF2,1,Acropora,1,T,0,,,,,,H
NanuyaLailai,,,NLDF2,1,Porites,1,M ,1,"B, PD",,Bleaching ,,Partly dead with white spots,B
NanuyaLailai,,,NLDF2,1,Montipora,1,SM,1,"B, PD",,Bleaching ,,Partly dead and bleached,B
NanuyaLailai,,,NLDF2,1,Acropora,1,T,1,"B, PD",,Bleaching ,,Partly dead with bleached branches,B
NanuyaLailai,,,NLDF2,1,Millepora,1,SM,3,PD,,,,,PD
NanuyaLailai,,,NLDF2,1,Acropora,1,T,0,,,,,,H
NanuyaLailai,,,NLDF2,1,Astreopora,1,SM,3,PD,,,,,PD
NanuyaLailai,,,NLDF2,1,Acropora,1,T,1,B,,Bleaching ,,Some white branches,B
NanuyaLailai,,,NLDF2,1,Acropora,1,B,0,,,,,,H
NanuyaLailai,,,NLDF2,1,Acropora,1,B,1,UWSD,Ulcerative White Spot Disease,,,White spots on surface,UWS
NanuyaLailai,,,NLDF2,2,Acropora,1,B,3,PD,,,,,PD
NanuyaLailai,,,NLDF2,2,Acropora,1,B,0,,,,,,H
NanuyaLailai,,,NLDF2,2,Porites,1,E,3,PD,,,,,PD
NanuyaLailai,,,NLDF2,2,Acropora,2,T,0,,,,,,H
NanuyaLailai,,,NLDF2,2,Porites,2,SM,1,"P, PD",,Predation,,Partly dead with fish feeding marks,P
NanuyaLailai,,,NLDF2,2,Montipora,1,SM,3,PD,,,,,PD
NanuyaLailai,,,NLDF2,2,Pavona,1,F,3,PD,,,,,PD
NanuyaLailai,,,NLDF2,2,Acropora,1,T,0,,,,,,H
NanuyaLailai,,,NLDF2,2,Porites,1,SM,0,,,,,,H
NanuyaLailai,,,NLDF2,2,Acropora,1,B,0,,,,,,H
NanuyaLailai,,,NLDF2,2,Acropora,1,B,1,"B, PD",,Bleaching ,,Partly dead and bleached ,B
NanuyaLailai,,,NLDF2,2,Porites,1,M ,3,PD,,,,,PD
NanuyaLailai,,,NLDF2,2,Acropora,2,T,1,"B, ",,Bleaching ,,White patches on some parts,B
NanuyaLailai,,,NLDF2,2,Porites,2,SM,1,"FB, P, PD",,Predation,Focal Bleaching ,White spots on surface,P
NanuyaLailai,,,NLDF2,2,Acropora,1,B,0,,,,,,H
NanuyaLailai,,,NLDF2,2,Acropora,1,B,3,PD,,,,,PD
NanuyaLailai,,,NLDF2,2,Pavona,1,SM,3,PD,,,,,PD
NanuyaLailai,,,NLDF2,2,Acropora,1,B,0,,,,,,H
NanuyaLailai,,,NLDF2,2,Acropora,1,T,1,B,,Bleaching ,,White patches on surface,B
NanuyaLailai,,,NLDF2,2,Pavona,1,SM,0,,,,,,H
NanuyaLailai,,,NLDF2,2,Pocillopora,1,CC,1,"B, PD",,Bleaching ,,Partly bleached and dead,B
NanuyaLailai,,,NLDF2,2,Acropora,1,B,0,,,,,,H
NanuyaLailai,,,NLDF2,2,Pocillopora,1,CC,0,,,,,,H
NanuyaLailai,,,NLDF2,2,Acropora,1,T,0,,,,,,H
NanuyaLailai,,,NLDF2,2,Stylophora,1,B,1,"B, ",,Bleaching ,,White patches on some surface,B
NanuyaLailai,,,NLDF2,2,Acropora,1,T,0,,,,,,H
NanuyaLailai,,,NLDF2,2,Pocillopora,1,CC,0,,,,,,H
NanuyaLailai,,,NLDF2,2,Pavona,1,SM,3,PD,,,,,PD
NanuyaLailai,,,NLDF2,2,Acropora,1,T,0,,,,,,H
NanuyaLailai,,,NLDF2,2,Acropora,1,B,0,,,,,,H
NanuyaLailai,,,NLDF2,2,Porites,1,M ,3,PD,,,,,PD
NanuyaLailai,,,NLDF2,2,Acropora,1,D,0,,,,,,H
NanuyaLailai,,,NLDF2,2,Acropora,1,T,2,"GA, PD",Growth Anomalies ,,,Partly dead with GA,GA
NanuyaLailai,,,NLDF2,2,Echinopora,1,F,0,,,,,,H
NanuyaLailai,,,NLDF2,2,Montipora,1,SM,1,B,,Bleaching ,,Colony looks pale ,B
NanuyaLailai,,,NLDF2,2,Favites,1,SM,3,PD,,,,,PD
NanuyaLailai,,,NLDF2,2,Acropora,1,B,0,,,,,,H
NanuyaLailai,,,NLDF2,2,Acropora,1,T,0,,,,,,H
NanuyaLailai,,,NLDF2,2,Stylophora,2,B,1,B,,Bleaching ,,White spot on some branches,B
NanuyaLailai,,,NLDF2,2,Montipora,1,SM,1,"B, E",,Bleaching ,Eroded,Whole colony bleached and eroded,B
NanuyaLailai,,,NLDF2,2,Goniastrea,1,M ,1,P,,Predation,,Organism burrowing into the colony,P
NanuyaLailai,,,NLDF2,2,Montipora,1,SM,1,"UWSD, PD",Ulcerative White Spot Disease,,,Partly dead with white spots on surface,UWS
NanuyaLailai,,,NLDF2,2,Cyphastrea,2,SM,3,PD,,,,,PD
NanuyaLailai,,,NLDF2,2,Acropora,1,T,0,,,,,,H
NanuyaLailai,,,NLDF2,2,Pocillopora,1,CC,1,B,,Bleaching ,,,B
NanuyaLailai,,,NLDF2,2,Montipora,1,F,1,UWSD,Ulcerative White Spot Disease,,,White spots on surface,UWS
NanuyaLailai,,,NLDF2,2,Millepora,1,SM,3,PD,,,,,PD
NanuyaLailai,,,NLDF2,2,Montipora,1,SM,3,PD,,,,,PD
NanuyaLailai,,,NLDF2,2,Acropora,1,B,0,,,,,,H
NanuyaLailai,,,NLDF2,2,Acropora,1,B,0,,,,,,H
NanuyaLailai,,,NLDF2,2,Acropora,1,B,1,B,,Bleaching ,,Whole colony looks pale,B
NanuyaLailai,,,NLDF2,2,Isopora,1,SM,1,B,,Bleaching ,,,B
NanuyaLailai,,,NLDF2,2,Montipora,1,SM,3,PD,,,,,PD
NanuyaLailai,,,NLDF2,2,Favites,2,SM,3,PD,,,,,PD
NanuyaLailai,,,NLDF2,2,Galaxea,1,E,3,PD,,,,,PD
NanuyaLailai,,,NLDF2,2,Echinopora,1,F,3,PD,,,,,PD
NanuyaLailai,,,NLDF2,2,Acropora,1,T,1,"B, PD",,Bleaching ,,Partly dead with white patches,B
NanuyaLailai,,,NLDF2,2,Astreopora,1,E,3,PD,,,,,PD
NanuyaLailai,,,NLDF2,2,Platygyra,1,SM,3,PD,,,,,PD
NanuyaLailai,,,NLDF2,2,Acropora,8,T,0,,,,,,H
NanuyaLailai,,,NLDF2,2,Acropora,1,B,0,,,,,,H
NanuyaLailai,,,NLDF2,2,Acropora,1,B,1,B,,Bleaching ,,Some white patches on branches,B
NanuyaLailai,,,NLDF2,2,Porites,1,M ,1,"UWSD, PD",Ulcerative White Spot Disease,,,Partly dead with white spots - PR after injury,UWS
NanuyaLailai,,,NLDF2,2,Porites,1,SM,3,PD,,,,,PD
NanuyaLailai,,,NLDF2,2,Favites,1,E,1,"B, PD",,Bleaching ,,Partly dead with white patches ,B
NanuyaLailai,,,NLDF2,2,Pavona,1,SM,3,PD,,,,,PD
NanuyaLailai,,,NLDF2,2,Porites,1,M ,1,"FB, PD",,Focal Bleaching ,,Partly dead with white spots,FB
NanuyaLailai,,,NLDF2,2,Porites,1,E,1,"B, PD",,Bleaching ,,Partly dead with white spots,B
NanuyaLailai,,,NLDF2,2,Pavona,1,SM,3,PD,,,,,PD
NanuyaLailai,,,NLDF2,2,Montipora,1,SM,1,"UWSD, PD",Ulcerative White Spot Disease,,,Partly dead with white spots,UWS
NanuyaLailai,,,NLDF2,2,Acropora,1,T,0,,,,,,H
NanuyaLailai,,,NLDF2,2,Acropora,1,T,1,"P, PD",,Predation,,Partly dead with signs of COTs feeding,P
NanuyaLailai,,,NLDF2,2,Millepora,2,SM,3,PD,,,,,PD
NanuyaLailai,,,NLDF2,2,Porites,1,SM,0,,,,,,H
NanuyaLailai,,,NLDF2,2,Acropora,1,T,0,,,,,,H
NanuyaLailai,,,NLDF2,2,Porites,2,M ,1,"UWSD, PD",Ulcerative White Spot Disease,,,Partly dead with white spots on surface,UWS
NanuyaLailai,,,NLDF2,2,Acropora,1,T,3,PD,,,,,PD
NanuyaLailai,,,NLDF2,2,Pocillopora,1,CC,1,B,,Bleaching ,,Colony looks pale,B
NanuyaLailai,,,NLDF2,2,Acropora,5,T,0,,,,,,H
NanuyaLailai,,,NLDF2,2,Porites,1,M ,3,PD,,,,,PD
NanuyaLailai,,,NLDF2,2,Montipora,1,SM,1,"B, PD",,Bleaching ,,Partly dead with white patches ,B
NanuyaLailai,,,NLDF2,2,Pavona,1,SM,3,PD,,,,,PD
NanuyaLailai,,,NLDF2,2,Acropora,1,B,1,"UWSD, PD",Ulcerative White Spot Disease,,,Partly dead with white spots on surface,UWS
NanuyaLailai,,,NLDF2,2,Acropora,1,B,1,"B, PD",,Bleaching ,,Partly dead with white patches on some branches,B
NanuyaLailai,,,NLDF2,2,Acropora,3,B,3,PD,,,,,PD
NanuyaLailai,,,NLDF2,2,Pavona,1,SM,1,"B, PD",,Bleaching ,,Partly bleached and dead,B
NanuyaLailai,,,NLDF2,2,Montipora,1,SM,3,PD,,,,,PD
NanuyaLailai,,,NLDF2,2,Porites,1,SM,3,PD,,,,,PD
NanuyaLailai,,,NLDF2,2,Acropora,1,T,0,,,,,,H
NanuyaLailai,,,NLDF2,2,Montipora,1,SM,1,"UWSD, PD",Ulcerative White Spot Disease,,,Partly dead with white spots,UWS
NanuyaLailai,,,NLDF2,2,Porites,1,SM,3,PD,,,,,PD
NanuyaLailai,,,NLDF2,2,Acropora,1,B,3,PD,,,,,PD
NanuyaLailai,,,NLDF2,2,Pavona,1,F,3,PD,,,,,PD
NanuyaLailai,,,NLDF2,2,Acropora,4,B,1,"B, PD",,Bleaching ,,Partly dead and bleached,B
NanuyaLailai,,,NLDF2,2,Acropora,3,B,3,PD,,,,,PD
NanuyaLailai,,,NLDF2,2,Acropora,3,T,0,,,,,,H
NanuyaLailai,,,NLDF2,2,Favites,1,SM,1,"B, PD",,Bleaching ,,Partly dead and bleached,B
NanuyaLailai,,,NLDF2,2,Goniopora,1,SM,3,PD,,,,,PD
NanuyaLailai,,,NLDF2,2,Pocillopora,1,CC,3,PD,,,,,PD
NanuyaLailai,,,NLDF2,2,Pavona,1,SM,3,PD,,,,,PD
NanuyaLailai,,,NLDF2,2,Pachyseris,2,F,2,"PR, PD",Pigmentation Response,,,Partly dead with pale patches ,PR
NanuyaLailai,,,NLDF2,2,Acropora,8,B,1,"B, PD",,Bleaching ,,,B
NanuyaLailai,,,NLDF2,2,Acropora,4,T,0,,,,,,H
NanuyaLailai,,,NLDF2,2,Porites,1,SM,1,"P, B, PD",,Predation,Bleaching ,Partly dead with white patches and fish bite marks ,P
NanuyaLailai,,,NLDF2,2,Pocillopora,1,SM,2,"GA, PD",Growth Anomalies ,,,,GA
NanuyaLailai,,,NLDF2,2,Montipora,1,F,4,"E, PD",,Eroded,,Partly dead with organism burrowing,E
NanuyaLailai,,,NLDF2,2,Favites,1,E,3,PD,,,,,PD
NanuyaLailai,,,NLDF2,2,Porites,1,SM,3,PD,,,,,PD
NanuyaLailai,,,NLDF2,2,Acropora,1,B,1,"WS, PD",White Syndrome,,,Partly dead with one branch showing signs of WS,WS
NanuyaLailai,,,NLDF2,2,Porites,1,E,1,"B, PD",,Bleaching ,,Iregular bleaching- white spots and patches on a partly dead colony,B
NanuyaLailai,,,NLDF2,2,Acropora,2,T,0,,,,,,H
NanuyaLailai,,,NLDF2,2,Acropora,1,B,3,PD,,,,,PD
NanuyaLailai,,,NLDF2,2,Millepora,1,SM,3,PD,,,,,PD
NanuyaLailai,,,NLDF2,2,Acropora,2,T,0,,,,,,H
NanuyaLailai,,,NLDF2,2,Favites,1,SM,0,,,,,,H
NanuyaLailai,,,NLDF2,2,Montipora,1,SM,3,PD,,,,,PD
NanuyaLailai,,,NLDF2,2,Acropora,2,B,3,PD,,,,,PD
NanuyaLailai,,,NLDF2,2,Merulina,1,F,3,PD,,,,,PD
NanuyaLailai,,,NLDF2,2,Montipora,1,E,0,,,,,,H
NanuyaLailai,,,NLDF2,2,Acropora,1,B,1,"UWSD, PD",Ulcerative White Spot Disease,,,Partly dead with white spots on surface,UWS
NanuyaLailai,,,NLDF2,2,Isopora,1,SM,3,PD,,,,,PD
NanuyaLailai,,,NLDF2,2,Acropora,1,B,0,,,,,,H
NanuyaLailai,,,NLDF2,2,Montipora,1,SM,1,"B, PD",,Bleaching ,,,B
NanuyaLailai,,,NLDF2,2,Acropora,1,B,1,"FB, PD",,Focal Bleaching ,,Partly dead with white patches,FB
NanuyaLailai,,,NLDF2,2,Acropora,1,B,1,"UWSD, PD",Ulcerative White Spot Disease,,,Partly dead with white spots and patches ,UWS
NanuyaLailai,,,NLDF2,2,Acropora,1,T,0,,,,,,H
NanuyaLailai,,,NLDF2,2,Lobophyllia,1,M ,0,,,,,,H
NanuyaLailai,,,NLDF2,2,Acropora,2,T,0,,,,,,H
NanuyaLailai,,,NLDF2,2,Montipora,1,E,3,PD,,,,,PD
NanuyaLailai,,,NLDF2,2,Acropora,1,B,1,"FB, PD",,Focal Bleaching ,,,FB
NanuyaLailai,,,NLDF2,2,Acropora,1,B,1,B,,,,,B
NanuyaLailai,,,NLDF2,2,Stylophora,1,B,1,B,,,,,B
NanuyaLailai,,,NLDF2,2,Porites,1,SM,1,"B, PD",,Bleaching ,,Partly dead with white patches,B
NanuyaLailai,,,NLDF2,2,Porites,1,SM,1,"P, B, PD",,Bleaching ,Predation,Partly dead with white patches and fish bite marks ,B
NanuyaLailai,,,NLDF2,2,Acropora,1,B,0,,,,,,H
NanuyaLailai,,,NLDF2,2,Pocillopora,1,CC,1,"B, PD",,Bleaching ,,,B
NanuyaLailai,,,NLDF2,2,Acropora,1,B,0,,,,,,H
NanuyaLailai,,,NLDF2,2,Stylophora,2,B,1,"B, PD",,,,,B
NanuyaLailai,,,NLDF2,2,Millepora,1,SM,3,PD,,,,,PD
NanuyaLailai,,,NLDF2,2,Montipora,1,SM,3,PD,,,,,PD
NanuyaLailai,,,NLDF2,2,Acropora,1,B,0,,,,,,H
NanuyaLailai,,,NLDF2,2,Acropora,1,T,1,"P, PD",,Predation,,Partly dead with COTs feeding sign,P
NanuyaLailai,,,NLDF2,2,Porites,1,SM,3,PD,,,,,PD
NanuyaLailai,,,NLDF2,2,Pocillopora,1,CC,0,,,,,,H
NanuyaLailai,,,NLDF2,2,Acropora,3,B,3,PD,,,,,PD
NanuyaLailai,,,NLDF2,2,Fungia,1,SM,0,,,,,,H
NanuyaLailai,,,NLDF2,2,Acropora,1,B,0,,,,,,H
NanuyaLailai,,,NLDF2,2,Montipora,1,F,3,PD,,,,,PD
NanuyaLailai,,,NLDF2,2,Porites,1,SM,3,PD,,,,,PD
NanuyaLailai,,,NLDF2,2,Millepora,1,SM,3,PD,,,,,PD
NanuyaLailai,,,NLDF2,2,Acropora,1,B,1,"B, ",,Bleaching ,,Most branches are white ,B
NanuyaLailai,,,NLDF2,2,Montipora,1,SM,3,PD,,,,,PD
NanuyaLailai,,,NLDF2,2,Pavona,1,SM,3,PD,,,,,PD
NanuyaLailai,,,NLDF2,2,Acropora,1,B,3,PD,,,,,PD
NanuyaLailai,,,NLDF2,2,Montipora,1,SM,3,PD,,,,,PD
NanuyaLailai,,,NLDF2,2,Diploastrea,1,E,3,PD,,,,,PD
NanuyaLailai,,,NLDF2,2,Merulina,1,F,3,PD,,,,,PD
NanuyaLailai,,,NLDF2,2,Porites,1,E,1,"B, PD",,Bleaching ,,Partly dead and bleached,B
NanuyaLailai,,,NLDF2,2,Acropora,5,T,0,,,,,,H
NanuyaLailai,,,NLDF2,2,Acropora,1,T,1,"B, PD",,Bleaching ,,Partly dead and bleaching,B
NanuyaLailai,,,NLDF2,2,Montipora,1,SM,1,"P,",,Predation,,Fish feeding marks ,P
NanuyaLailai,,,NLDF2,2,Pavona,1,E,1,FB,,Focal Bleaching ,,White patches on surface,FB
NanuyaLailai,,,NLDF2,2,Acropora,1,B,1,"B, PD",,Bleaching ,,,B
NanuyaLailai,,,NLDF2,2,Porites,1,SM,3,PD,,,,,PD
NanuyaLailai,,,NLDF2,2,Montipora,1,SM,3,PD,,,,,PD
NanuyaLailai,,,NLDF2,2,Acropora,1,B,0,,,,,,H
NanuyaLailai,,,NLDF2,2,Porites,1,M ,3,PD,,,,,PD
NanuyaLailai,,,NLDF2,2,Acropora,3,T,0,,,,,,H
NanuyaLailai,,,NLDF2,2,Porites,1,SM,1,"FB, PD",,Focal Bleaching ,,Partly dead with white patches,FB
NanuyaLailai,,,NLDF2,2,Montipora,2,SM,3,PD,,,,,PD
NanuyaLailai,,,NLDF2,2,Millepora,1,B,0,,,,,,H
NanuyaLailai,,,NLDF2,2,Diploastrea,1,M ,0,,,,,,H
NanuyaLailai,,,NLDF2,2,Acropora,1,T,1,"B, PD",,Bleaching ,,Partly dead with white patches,B
NanuyaLailai,,,NLDF2,2,Acropora,6,B,3,PD,,,,Some branches partly covered by white CA,PD
NanuyaLailai,,,NLDF2,2,Merulina,1,F,3,PD,,,,,PD
NanuyaLailai,,,NLDF2,2,Pocillopora,1,SM,3,PD,,,,,PD
NanuyaLailai,,,NLDF2,2,Acropora,1,B,3,PD,,,,,PD
NanuyaLailai,,,NLDF2,2,Porites,1,SM,1,"P, PD",,Predation,,Fish feeding marks ,P
NanuyaLailai,,,NLDF2,2,Pocillopora,1,CC,1,"B, ",,Bleaching ,,Whole colony is white,B
NanuyaLailai,,,NLDF2,2,Montipora,1,E,3,PD,,,,,PD
NanuyaLailai,,,NLDF2,2,Acropora,1,B,3,PD,,,,Some parts of the dead branches coverd with SP and some with CA,PD
NanuyaLailai,,,NLDF2,2,Diploastrea,1,M ,0,,,,,,H
NanuyaLailai,,,NLDF2,2,Porites,1,M ,1,"P, PD",,Predation,,Partly dead with fish feeding marks,P
NanuyaLailai,,,NLDF2,2,Acropora,1,B,3,PD,,,,,PD
NanuyaLailai,,,NLDF2,2,Acropora,1,B,1,P,,Predation,,Drupella feeding mark,P
NanuyaLailai,,,NLDF2,2,Pavona,2,SM,3,PD,,,,,PD
NanuyaLailai,,,NLDF2,2,Acropora,1,B,0,,,,,,H
NanuyaLailai,,,NLDF2,2,Montipora,1,SM,3,PD,,,,,PD
NanuyaLailai,,,NLDF2,2,Leptastrea,1,E,3,PD,,,,,PD
NanuyaLailai,,,NLDF2,2,Pocillopora,1,CC,3,PD,,,,,PD
NanuyaLailai,,,NLDF2,2,Favites,1,SM,0,,,,,,H
NanuyaLailai,,,NLDF2,2,Astreopora,1,E,3,PD,,,,,PD
NanuyaLailai,,,NLDF2,2,Montipora,1,SM,1,"P, PD",,Predation,,Partly dead with white patches,P
NanuyaLailai,,,NLDF2,2,Acropora,1,T,1,"B, PD",,Bleaching ,,Partly dead with white patches on some branches,B
NanuyaLailai,,,NLDF2,2,Acropora,1,B,1,"UWSD, PD",Ulcerative White Spot Disease,,,Partly dead with white spots on some branches,UWS
NanuyaLailai,,,NLDF2,2,Porites,1,SM,1,"FB, PD",,Focal Bleaching ,,Partly dead with white patches,FB
NanuyaLailai,,,NLDF2,2,Diploastrea,1,M ,0,,,,,,H
NanuyaLailai,,,NLDF2,2,Favites,1,SM,1,"B, PD",,Bleaching ,,Whole colony bleached and partly dead,B
NanuyaLailai,,,NLDF2,2,Pocillopora,1,CC,2,"GA, B",Growth Anomalies ,Bleaching ,,Partly bleached with GA,GA
NanuyaLailai,,,NLDF2,2,Acropora,1,T,0,,,,,,H
NanuyaLailai,,,NLDF2,2,Stylophora,2,B,0,,,,,,H
NanuyaLailai,,,NLDF2,2,Porites,1,SM,3,PD,,,,,PD
NanuyaLailai,,,NLDF2,2,Platygyra,1,M ,3,PD,,,,,PD
NanuyaLailai,,,NLDF2,2,Acropora,1,T,0,,,,,,H
NanuyaLailai,,,NLDF2,2,Pocillopora,1,CC,0,,,,,,H
NanuyaLailai,,,NLDF2,2,Diploastrea,1,M ,0,,,,,,H
NanuyaLailai,,,NLDF2,2,Pocillopora,4,CC,1,"B, PD",,Bleaching ,,Partly dead with most branches bleached,B
NanuyaLailai,,,NLDF2,2,Porites,1,SM,0,,,,,,H
NanuyaLailai,,,NLDF2,2,Porites,1,SM,3,PD,,,,,PD
NanuyaLailai,,,NLDF2,2,Acropora,1,T,0,,,,,,H
NanuyaLailai,,,NLDF2,2,Hydnophora,1,B,0,,,,,,H
NanuyaLailai,,,NLDF2,2,Porites,1,M ,3,PD,,,,,PD
NanuyaLailai,,,NLDF2,2,Acropora,1,T,2,"GA, PD",Growth Anomalies ,,,Partly dead with GA,GA
NanuyaLailai,,,NLDF2,2,Acropora,1,T,0,,,,,,H
NanuyaLailai,,,NLDF2,2,Montipora,1,B,0,,,,,,H
NanuyaLailai,,,NLDF2,2,Pocillopora,1,CC,0,,,,,,H
NanuyaLailai,,,NLDF2,2,Montipora,1,E,1,"E, B, PD",,Bleaching ,Eroded,Partly dead with signs of organism burrowing and partly bleached,B
NanuyaLailai,,,NLDF2,2,Montipora,1,SM,1,"P, PD",,Predation,,Partly dead with fish feeding marks,P
NanuyaLailai,,,NLDF2,2,Porites,1,E,1,"P, PD",,Predation,,Partly dead with fish feeding marks,P
NanuyaLailai,,,NLDF2,2,Montipora,1,SM,4,"E, PD",,Eroded,,Partly dead with signs of organism burrowing ,E
NanuyaLailai,,,NLDF2,2,Montipora,1,E,3,PD,,,,,PD
NanuyaLailai,,,NLDF2,2,Acropora,1,T,1,"B, ",,Bleaching ,,Some branches white,B
NanuyaLailai,,,NLDF2,2,Porites,1,SM,1,"P, PD",,Predation,,Partly dead with white spots and patches on surface,P
NanuyaLailai,,,NLDF2,2,Montipora,1,SM,1,"B, PD",,Bleaching ,,Partly dead and whole colony bleached,B
NanuyaLailai,,,NLDF2,2,Montipora,2,E,3,PD,,,,,PD
NanuyaLailai,,,NLDF2,2,Pocillopora,1,CC,1,"B, PD",,Bleaching ,,Partly dead and bleached,B
NanuyaLailai,,,NLDF2,2,Porites,1,E,3,PD,,,,,PD
NanuyaLailai,,,NLDF2,2,Goniastrea,1,SM,0,,,,,,H
NanuyaLailai,,,NLDF2,2,Montipora,2,E,3,PD,,,,,PD
NanuyaLailai,,,NLDF2,2,Acropora,1,T,0,,,,,,H
NanuyaLailai,,,NLDF2,2,Acropora,1,T,1,B,,Bleaching ,,Partly bleached,B
NanuyaLailai,,,NLDF2,2,Cyphastrea,1,E,0,,,,,,H
NanuyaLailai,,,NLDF2,2,Acropora,1,B,0,,,,,,H
NanuyaLailai,,,NLDF2,2,Montipora,1,E,3,PD,,,,,PD
NanuyaLailai,,,NLDF2,2,Acropora,1,E,1,B,,Bleaching ,,Whole colony bleached,B
NanuyaLailai,,,NLDF2,2,Pavona,1,E,3,PD,,,,,PD
NanuyaLailai,,,NLDF2,2,Acropora,2,T,0,,,,,,H
NanuyaLailai,,,NLDF2,2,Montipora,2,SM,1,"B, PD",,Bleaching ,,Partly dead with white patches on surface,B
NanuyaLailai,,,NLDF2,2,Montipora,1,F,1,"B, PD",,Bleaching ,,Partly dead with white patches on surface,B
NanuyaLailai,,,NLDF2,2,Acropora,1,T,0,,,,,,H
NanuyaLailai,,,NLDF2,2,Acropora,1,D,0,,,,,,H
NanuyaLailai,,,NLDF2,2,Montipora,1,SM,3,PD,,,,,PD
NanuyaLailai,,,NLDF2,2,Porites,1,E,3,PD,,,,,PD
NanuyaLailai,,,NLDF2,2,Porites,1,SM,3,PD,,,,,PD
NanuyaLailai,,,NLDF2,2,Acropora,1,B,0,,,,,,H
NanuyaLailai,,,NLDF2,2,Montipora,1,SM,1,"B, PD",,Bleaching ,,Partly dead with a huge patch on one side,B
NanuyaLailai,,,NLDF2,2,Montipora,1,E,1,"B, P, PD",,Bleaching ,Predation,Partly dead with white patches and fish bite marks,B
NanuyaLailai,,,NLDF2,2,Acropora,1,B,0,,,,,,H
NanuyaLailai,,,NLDF2,2,Acropora,5,T,0,,,,,,H
NanuyaLailai,,,NLDF2,2,Pavona,1,SM,3,PD,,,,,PD
NanuyaLailai,,,NLDF2,2,Porites,1,M ,3,PD,,,,,PD
NanuyaLailai,,,NLDF2,2,Astreopora,1,SM,3,PD,,,,,PD
NanuyaLailai,,,NLDF2,2,Acropora,1,T,3,PD,,,,,PD
NanuyaLailai,,,NLDF2,2,Porites,1,M ,3,PD,,,,,PD
NanuyaLailai,,,NLDF2,2,Merulina,1,F,3,PD,,,,,PD
NanuyaLailai,,,NLDF2,2,Montipora,1,F,3,PD,,,,,PD
NanuyaLailai,,,NLDF2,2,Porites,2,SM,1,"P, PD",,Predation,,Partly dead with fish bite marks,P
NanuyaLailai,,,NLDF2,2,Acropora,2,T,0,,,,,,H
NanuyaLailai,,,NLDF2,2,Pavona,1,SM,3,PD,,,,,PD
NanuyaLailai,,,NLDF2,2,Merulina,1,F,0,,,,,,H
NanuyaLailai,,,NLDF2,2,Porites,1,SM,0,,,,,,H
NanuyaLailai,,,NLDF2,2,Porites,3,M ,1,"P, ",,Predation,,Partly dead with fish bite marks ,P
NanuyaLailai,,,NLDF2,2,Porites,1,E,3,PD,,,,,PD
NanuyaLailai,,,NLDF2,2,Montipora,1,SM,0,,,,,,H
NanuyaLailai,,,NLDF2,2,Montipora,2,SM,1,"UWSD, PD",Ulcerative White Spot Disease,,,Partly dead with white patches,UWS
NanuyaLailai,,,NLDF2,2,Favites,1,E,1,"B,",,Bleaching ,,Few white patches,B
NanuyaLailai,,,NLDF2,2,Acropora,3,T,0,,,,,,H
NanuyaLailai,,,NLDF2,2,Acropora,1,t,3,PD,,,,,PD
NanuyaLailai,,,NLDF2,2,Diploastrea,1,M ,3,PD,,,,,PD
NanuyaLailai,,,NLDF2,2,Montipora,1,SM,0,,,,,,H
NanuyaLailai,,,NLDF2,2,Acropora,1,B,0,,,,,,H
NanuyaLailai,,,NLDF2,2,Porites,1,SM,3,PD,,,,,PD
NanuyaLailai,,,NLDF2,2,Porites,2,SM,1,"P, PD",,Predation,,Partly dead with fish bite marks ,P
NanuyaLailai,,,NLDF2,2,Merulina,2,F,3,PD,,,,,PD
NanuyaLailai,,,NLDF2,2,Acropora,1,B,0,,,,,,H
NanuyaLailai,,,NLDF2,2,Acropora,2,T,0,,,,,,H
NanuyaLailai,,,NLDF2,2,Montipora,1,SM,3,PD,,,,,PD
NanuyaLailai,,,NLDF2,2,Montipora,1,F,1,"B, PD",,Bleaching ,,Partly dead and bleached ,B
NanuyaLailai,,,NLDF2,2,Favites,1,SM,3,PD,,,,,PD
NanuyaLailai,,,NLDF2,2,Acropora,2,T,0,,,,,,H
NanuyaLailai,,,NLDF2,2,Montipora,1,E,1,"B, PD",,Bleaching ,,Partly dead and bleached,B
NanuyaLailai,,,NLDF2,2,Cyphastrea,1,E,3,PD,,,,,PD
NanuyaLailai,,,NLDF2,2,Montastrea,1,M ,3,PD,,,,,PD
NanuyaLailai,,,NLDF2,2,Acropora,1,T,1,"P, PD",,Predation,,One side of colony white,P
NanuyaLailai,,,NLDF2,2,Pocillopora,1,CC,0,,,,,,H
NanuyaLailai,,,NLDF2,2,Diploastrea,1,E,0,,,,,,H
NanuyaLailai,,,NLDF2,2,Acropora,3,T,0,,,,,,H
NanuyaLailai,,,NLDF2,2,Montipora,1,E,3,PD,,,,,PD
NanuyaLailai,,,NLDF2,2,Favites,1,E,3,PD,,,,,PD
NanuyaLailai,,,NLDF2,2,Millepora,1,SM,3,PD,,,,,PD
NanuyaLailai,,,NLDF2,2,Acropora,1,B,1,"B, PD",,Bleaching ,,Bleaching on some and partly dead,B
NanuyaLailai,,,NLDF2,3,Acropora,1,T,3,PD,,,,,PD
NanuyaLailai,,,NLDF2,3,Acropora,3,B,0,,,,,,H
NanuyaLailai,,,NLDF2,3,Montipora,1,SM,0,,,,,,H
NanuyaLailai,,,NLDF2,3,Porites,1,M ,1,"FB, ",,Focal Bleaching ,,Few white spots on surface,FB
NanuyaLailai,,,NLDF2,3,Porites,1,E,3,PD,,,,,PD
NanuyaLailai,,,NLDF2,3,Montipora,1,F,0,,,,,,H
NanuyaLailai,,,NLDF2,3,Acropora,1,T,3,PD,,,,,PD
NanuyaLailai,,,NLDF2,3,Porites,1,E,3,PD,,,,,PD
NanuyaLailai,,,NLDF2,3,Pocillopora,2,CC,1,"B, PD",,,,,B
NanuyaLailai,,,NLDF2,3,Acropora,1,T,1,"B,PD",,,,,B
NanuyaLailai,,,NLDF2,3,Pavona,2,SM,3,PD,,,,,PD
NanuyaLailai,,,NLDF2,3,Porites,1,E,3,PD,,,,,PD
NanuyaLailai,,,NLDF2,3,Acropora,1,T,0,,,,,,H
NanuyaLailai,,,NLDF2,3,Favites,1,M ,0,,,,,,H
NanuyaLailai,,,NLDF2,3,Porites,1,E,0,,,,,,H
NanuyaLailai,,,NLDF2,3,Favites,2,E,1,"B, PD",,Bleaching ,,,B
NanuyaLailai,,,NLDF2,3,Platygyra,2,E,0,,,,,,H
NanuyaLailai,,,NLDF2,3,Montipora,1,SM,3,PD,,,,,PD
NanuyaLailai,,,NLDF2,3,Acropora,1,T,1,B,,Bleaching ,,,B
NanuyaLailai,,,NLDF2,3,Montipora,1,E,3,PD,,,,,PD
NanuyaLailai,,,NLDF2,3,Porites,1,E,1,FB,,Focal Bleaching ,,,FB
NanuyaLailai,,,NLDF2,3,Porites,1,M ,3,PD,,,,,PD
NanuyaLailai,,,NLDF2,3,Porites,1,F,3,PD,,,,,PD
NanuyaLailai,,,NLDF2,3,Montipora,1,F,1,"FB, ",,Focal Bleaching ,,White spots on surface,FB
NanuyaLailai,,,NLDF2,3,Porites,1,SM,3,PD,,,,,PD
NanuyaLailai,,,NLDF2,3,Porites,1,M ,1,"FB, PD",,Focal Bleaching ,,Partly dead with white spots on surface,FB
NanuyaLailai,,,NLDF2,3,Platygyra,1,M ,0,,,,,,H
NanuyaLailai,,,NLDF2,3,Porites,1,SM,1,"B, PD",,Bleaching ,,,B
NanuyaLailai,,,NLDF2,3,Porites,2,M ,3,PD,,,,,PD
NanuyaLailai,,,NLDF2,3,Acropora,1,B,1,"B, PD",,Bleaching ,,,B
NanuyaLailai,,,NLDF2,3,Acropora,5,T,0,,,,,,H
NanuyaLailai,,,NLDF2,3,Acropora,1,B,1,"B,",,Bleaching ,,,B
NanuyaLailai,,,NLDF2,3,Leptastrea,1,SM,1,"B, PD",,Bleaching ,,Partly dead,B
NanuyaLailai,,,NLDF2,3,Acropora,3,T,0,,,,,,H
NanuyaLailai,,,NLDF2,3,Acropora,1,T,3,PD,,,,,PD
NanuyaLailai,,,NLDF2,3,Montipora,1,E,1,"B, PD",,Bleaching ,,Partly dead and bleached ,B
NanuyaLailai,,,NLDF2,3,Pocillopora,1,CC,0,,,,,,H
NanuyaLailai,,,NLDF2,3,Porites,1,E,3,PD,,,,,PD
NanuyaLailai,,,NLDF2,3,Porites,1,F,1,"FB, PD",,Focal Bleaching ,,Partly dead with white spots ,FB
NanuyaLailai,,,NLDF2,3,Cyphastrea,1,E,0,,,,,,H
NanuyaLailai,,,NLDF2,3,Acropora,4,B,0,,,,,,H
NanuyaLailai,,,NLDF2,3,Acropora,1,T,0,,,,,,H
NanuyaLailai,,,NLDF2,3,Montipora,2,E,4,"E, PD",,Eroded,,Partly dead with signs of organism burrowing ,E
NanuyaLailai,,,NLDF2,3,Montipora,1,E,0,,,,,,H
NanuyaLailai,,,NLDF2,3,Porites,1,E,0,,,,,,H
NanuyaLailai,,,NLDF2,3,Porites,2,E,3,PD,,,,,PD
NanuyaLailai,,,NLDF2,3,Porites,1,E,1,P,,Predation,,Fish bite marks ,P
NanuyaLailai,,,NLDF2,3,Pavona,1,E,0,,,,,,H
NanuyaLailai,,,NLDF2,3,Favites,1,E,3,PD,,,,,PD
NanuyaLailai,,,NLDF2,3,Porites,1,M ,1,"P, PD",,Predation,,Partly dead colony with sign of fish feeding ,P
NanuyaLailai,,,NLDF2,3,Montipora,1,SM,1,"P,PD",,Predation,,Partly dead with white spots on surface,P
NanuyaLailai,,,NLDF2,3,Pavona,1,E,3,PD,,,,,PD
NanuyaLailai,,,NLDF2,3,Favites,1,M ,3,PD,,,,,PD
NanuyaLailai,,,NLDF2,3,Pavona,1,SM,0,,,,,,H
NanuyaLailai,,,NLDF2,3,Acropora,1,T,0,,,,,,H
NanuyaLailai,,,NLDF2,3,Montipora,1,SM,1,FB,,Focal Bleaching ,,,FB
NanuyaLailai,,,NLDF2,3,Goniastrea,1,E,3,PD,,,,,PD
NanuyaLailai,,,NLDF2,3,Pavona,2,E,3,PD,,,,,PD
NanuyaLailai,,,NLDF2,3,Acropora,3,T,0,,,,,,H
NanuyaLailai,,,NLDF2,3,Acropora,1,T,2,"GA, PD",Growth Anomalies ,,,Partly dead with abnormal growth ,GA
NanuyaLailai,,,NLDF2,3,Porites,1,M ,3,PD,,,,,PD
NanuyaLailai,,,NLDF2,3,Porites,1,E,1,FB,,Focal Bleaching ,,,FB
NanuyaLailai,,,NLDF2,3,Acropora,1,B,1,"B, ",,Bleaching ,,,B
NanuyaLailai,,,NLDF2,3,Pavona,1,SM,0,,,,,,H
NanuyaLailai,,,NLDF2,3,Pocillopora,1,CC,0,,,,,,H
NanuyaLailai,,,NLDF2,3,Favites,2,SM,0,,,,,,H
NanuyaLailai,,,NLDF2,3,Mycedium,2,F,1,B,,Bleaching ,,Partly bleached,B
NanuyaLailai,,,NLDF2,3,Porites,3,SM,3,PD,,,,,PD
NanuyaLailai,,,NLDF2,3,Porites,2,E,0,,,,,,H
NanuyaLailai,,,NLDF2,3,Porites,1,SM,3,PD,,,,Single sign of organism burrowing,PD
NanuyaLailai,,,NLDF2,3,Fungia,1,E,0,,,,,,H
NanuyaLailai,,,NLDF2,3,Acropora,1,T,0,,,,,,H
NanuyaLailai,,,NLDF2,3,Millepora,2,B,3,PD,,,,,PD
NanuyaLailai,,,NLDF2,3,Porites,1,SM,0,,,,,,H
NanuyaLailai,,,NLDF2,3,Acropora,1,B,0,,,,,,H
NanuyaLailai,,,NLDF2,3,Acropora,1,T,1,B,,Bleaching ,,,B
NanuyaLailai,,,NLDF2,3,Acropora,1,D,0,,,,,,H
NanuyaLailai,,,NLDF2,3,Favites,1,E,3,PD,,,,,PD
NanuyaLailai,,,NLDF2,3,Porites,1,M ,1,UWSD,Ulcerative White Spot Disease,,,White spots on surface,UWS
NanuyaLailai,,,NLDF2,3,Acropora,1,T,0,,,,,,H
NanuyaLailai,,,NLDF2,3,Porites,1,E,3,PD,,,,,PD
NanuyaLailai,,,NLDF2,3,Acropora,1,D,3,PD,,,,,PD
NanuyaLailai,,,NLDF2,3,Montipora,1,E,1,B,,Bleaching ,,White patches  on some parts,B
NanuyaLailai,,,NLDF2,3,Acropora,1,T,3,PD,,,,,PD
NanuyaLailai,,,NLDF2,3,Acropora,1,B,1,B,,Bleaching ,,,B
NanuyaLailai,,,NLDF2,3,Porites,1,E,0,,,,,,H
NanuyaLailai,,,NLDF2,3,Acropora,1,B,1,"FB, PD",,Focal Bleaching ,,Partly dead with white patches (tissue loss) in some branches,FB
NanuyaLailai,,,NLDF2,3,Favites,1,E,0,,,,,,H
NanuyaLailai,,,NLDF2,3,Acropora,2,T,0,,,,,,H
NanuyaLailai,,,NLDF2,3,Pavona,1,E,0,,,,,,H
NanuyaLailai,,,NLDF2,3,Favites,1,E,1,"B, PD",,,,Partly dead with white patches ,B
NanuyaLailai,,,NLDF2,3,Porites,1,SM,3,PD,,,,,PD
NanuyaLailai,,,NLDF2,3,Pavona,2,SM,3,PD,,,,,PD
NanuyaLailai,,,NLDF2,3,Porites,1,M ,3,PD,,,,,PD
NanuyaLailai,,,NLDF2,3,Diploastrea,1,M ,0,,,,,,H
NanuyaLailai,,,NLDF2,3,Favites,1,E,0,,,,,,H
NanuyaLailai,,,NLDF2,3,Favia,1,E,1,"B, PD",,Bleaching ,,Partly dead with white spots,B
NanuyaLailai,,,NLDF2,3,Pavona,1,SM,3,PD,,,,,PD
NanuyaLailai,,,NLDF2,3,Diploastrea,1,M ,0,,,,,,H
NanuyaLailai,,,NLDF2,3,Favites,1,E,3,PD,,,,,PD
NanuyaLailai,,,NLDF2,3,Diploastrea,1,M ,3,PD,,,,,PD
NanuyaLailai,,,NLDF2,3,Acropora,1,T,1,B,,Bleaching ,,Partly bleached,B
NanuyaLailai,,,NLDF2,3,Montipora,1,E,1,UWSD,Ulcerative White Spot Disease,,,White spots on surface,UWS
NanuyaLailai,,,NLDF2,3,Acropora,1,T,3,PD,,,,,PD
NanuyaLailai,,,NLDF2,3,Montipora,1,E,1,"B, E, PD",,Bleaching ,Eroded,Partly dead with white patches and signs of organism burrowing ,B
NanuyaLailai,,,NLDF2,3,Acropora,1,E,0,,,,,,H
NanuyaLailai,,,NLDF2,3,Montipora,1,E,1,"B, PD",,Bleaching ,,Partly dead with white patches,B
NanuyaLailai,,,NLDF2,3,Acropora,1,B,0,,,,,,H
NanuyaLailai,,,NLDF2,3,Porites,1,SM,3,PD,,,,,PD
NanuyaLailai,,,NLDF2,3,Favites,1,E,1,"B, PD",,Bleaching ,,Partly dead with white  patches,B
NanuyaLailai,,,NLDF2,3,Porites,1,SM,1,P,,Predation,,,P
NanuyaLailai,,,NLDF2,3,Leptoria,1,SM,0,,,,,,H
NanuyaLailai,,,NLDF2,3,Cyphastrea,2,E,0,,,,,,H
NanuyaLailai,,,NLDF2,3,Favites,1,E,3,PD,,,,,PD
NanuyaLailai,,,NLDF2,3,Porites,1,E,3,PD,,,,,PD
NanuyaLailai,,,NLDF2,3,Acropora,1,B,0,,,,,,H
NanuyaLailai,,,NLDF2,3,Goniastrea,1,M ,0,,,,,,H
NanuyaLailai,,,NLDF2,3,Porites,2,SM,1,"P, PD",,Predation,,Partly dead with white patches ,P
NanuyaLailai,,,NLDF2,3,Millepora,3,SM,3,PD,,,,,PD
NanuyaLailai,,,NLDF2,3,Porites,1,M ,3,PD,,,,,PD
NanuyaLailai,,,NLDF2,3,Porites,1,E,1,"FB, PD",,Focal Bleaching ,,,FB
NanuyaLailai,,,NLDF2,3,Porites,1,SM,3,PD,,,,,PD
NanuyaLailai,,,NLDF2,3,Acropora,1,T,0,,,,,,H
NanuyaLailai,,,NLDF2,3,Acropora,1,T,3,PD,,,,,PD
NanuyaLailai,,,NLDF2,3,Acropora,1,B,1,B,,Bleaching ,,Partly bleached,B
NanuyaLailai,,,NLDF2,3,Montipora,1,SM,3,PD,,,,,PD
NanuyaLailai,,,NLDF2,3,Acropora,2,T,0,,,,,,H
NanuyaLailai,,,NLDF2,3,Porites,1,M ,0,,,,,,H
NanuyaLailai,,,NLDF2,3,Pavona,1,SM,3,PD,,,,,PD
NanuyaLailai,,,NLDF2,3,Millepora,1,SM,3,PD,,,,,PD
NanuyaLailai,,,NLDF2,3,Porites,2,SM,1,"B, PD",,Bleaching ,,Partly dead with pale ior white patches ,B
NanuyaLailai,,,NLDF2,3,Pavona,1,SM,0,,,,,,H
NanuyaLailai,,,NLDF2,3,Acropora,3,T,0,,,,,,H
NanuyaLailai,,,NLDF2,3,Goniastrea,1,SM,3,PD,,,,,PD
NanuyaLailai,,,NLDF2,3,Diploastrea,1,M ,3,PD,,,,,PD
NanuyaLailai,,,NLDF2,3,Acropora,3,T,0,,,,,,H
NanuyaLailai,,,NLDF2,3,Acropora,1,T,1,"P, PD",,Predation,,"One edge of colony is white, potential predation by Drupella",P
NanuyaLailai,,,NLDF2,3,Pavona,2,SM,3,PD,,,,,PD
NanuyaLailai,,,NLDF2,3,Montipora,1,SM,3,PD,,,,,PD
NanuyaLailai,,,NLDF2,3,Acropora,1,T,3,PD,,,,,PD
NanuyaLailai,,,NLDF2,3,Acropora,3,T,0,,,,,,H
NanuyaLailai,,,NLDF2,3,Polyphyllia,1,S,0,,,,,,H
NanuyaLailai,,,NLDF2,3,Cyphastrea,1,SM,3,PD,,,,,PD
NanuyaLailai,,,NLDF2,3,Astreopora,1,SM,1,"FB, PD",,Focal bleaching ,,Partly dead with white patches,FB
NanuyaLailai,,,NLDF2,3,Porites,1,SM,3,PD,,,,,PD
NanuyaLailai,,,NLDF2,3,Acropora,2,B,0,,,,,,H
NanuyaLailai,,,NLDF2,3,Acropora,1,B,3,PD,,,,,PD
NanuyaLailai,,,NLDF2,3,Porites,5,M ,3,PD,,,,,PD
NanuyaLailai,,,NLDF2,3,Porites,2,SM,3,PD,,,,,PD
NanuyaLailai,,,NLDF2,3,Acropora,1,T,3,PD,,,,,PD
NanuyaLailai,,,NLDF2,3,Acropora,1,B,1,B,,Bleaching ,,Some branches are bleached,B
NanuyaLailai,,,NLDF2,3,Acropora,2,T,2,GA,Growth Anomalies ,,,,GA
NanuyaLailai,,,NLDF2,3,Acropora,1,B,3,PD,,,,,PD
NanuyaLailai,,,NLDF2,3,Acropora,1,T,1,"P, PD",,Predation,,Some branches have white patches,P
NanuyaLailai,,,NLDF2,3,Porites,1,SM,1,"FB, PD",,Focal bleaching ,,White spots and patches on a partly dead colony,FB
NanuyaLailai,,,NLDF2,3,Montipora,1,E,3,PD,,,,,PD
NanuyaLailai,,,NLDF2,3,Favites,1,E,1,"B, PD",,Bleaching ,,Partly dead with white patches ,B
NanuyaLailai,,,NLDF2,3,Astreopora,2,E,3,PD,,,,,PD
NanuyaLailai,,,NLDF2,3,Porites,3,E,1,"B, PD",,Bleaching ,,Partly dead with white patches on surface,B
NanuyaLailai,,,NLDF2,3,Acropora,2,B,1,"B, PD",,Bleaching ,,Partly dead and bleached,B
NanuyaLailai,,,NLDF2,3,Acropora,1,T,0,,,,,,H
NanuyaLailai,,,NLDF2,3,Pavona,1,E,3,PD,,,,,PD
NanuyaLailai,,,NLDF2,3,Porites,1,SM,2,PR,Pigmentation Response,,,Pink and white patches on surface,PR
NanuyaLailai,,,NLDF2,3,Acropora,1,T,3,PD,,,,,PD
NanuyaLailai,,,NLDF2,3,Favites,3,E,3,PD,,,,,PD
NanuyaLailai,,,NLDF2,3,Acropora,1,B,2,"ESE, B",Enlarged Skeletal Elements,,,Partly bleached colony with ESE,Others
NanuyaLailai,,,NLDF2,3,Pocillopora,1,CC,0,,,,,,H
NanuyaLailai,,,NLDF2,3,Porites,2,M ,1,"P, PD",,Predation,,Partly dead with signs of fish feeding ,P
NanuyaLailai,,,NLDF2,3,Acropora,1,T,3,PD,,,,,PD
NanuyaLailai,,,NLDF2,3,Acropora,1,B,1,B,,Bleaching ,,Partly bleached colony ,B
NanuyaLailai,,,NLDF2,3,Cyphastrea,1,E,3,PD,,,,,PD
NanuyaLailai,,,NLDF2,3,Acropora,2,B,0,,,,,,H
NanuyaLailai,,,NLDF2,3,Porites,1,E,1,FB,,Focal Bleaching ,,White patches on surface,FB
NanuyaLailai,,,NLDF2,3,Porites,1,E,3,PD,,,,,PD
NanuyaLailai,,,NLDF2,3,Platygyra,1,E,0,,,,,,H
NanuyaLailai,,,NLDF2,3,Acropora,1,B,3,PD,,,,,PD
NanuyaLailai,,,NLDF2,3,Cyphastrea,1,B,3,PD,,,,,PD
NanuyaLailai,,,NLDF2,3,Acropora,1,B,1,"B, PD",,Bleaching ,,Partly dead with some branches bleached,B
NanuyaLailai,,,NLDF2,3,Montipora,1,E,3,PD,,,,,PD
NanuyaLailai,,,NLDF2,3,Leptastrea,1,E,3,PD,,,,,PD
NanuyaLailai,,,NLDF2,3,Lobophyllia,1,M ,3,PD,,,,,PD
NanuyaLailai,,,NLDF2,3,Pachyseris,1,F,1,"B, ",,Bleaching ,,White patches on colony surface,B
NanuyaLailai,,,NLDF2,3,Acropora,1,T,0,,,,,,H
NanuyaLailai,,,NLDF2,3,Porites,1,M ,0,,,,,,H
NanuyaLailai,,,NLDF2,3,Platygyra,1,E,0,,,,,,H
NanuyaLailai,,,NLDF2,3,Porites,1,SM,1,"B, PD",,Bleaching ,,Partly dead with white patches ,B
NanuyaLailai,,,NLDF2,3,Favites,1,E,3,PD,,,,,PD
NanuyaLailai,,,NLDF2,3,Acropora,1,T,0,,,,,,H
NanuyaLailai,,,NLDF2,3,Porites,1,M ,3,PD,,,,,PD
NanuyaLailai,,,NLDF2,3,Diploastrea,1,M ,0,,,,,,H
NanuyaLailai,,,NLDF2,3,Montipora,1,SM,4,E,,Eroded,,,E
NanuyaLailai,,,NLDF2,3,Porites,1,SM,3,PD,,,,,PD
NanuyaLailai,,,NLDF2,3,Acanthastrea,1,M ,3,PD,,,,,PD
NanuyaLailai,,,NLDF2,3,Favites,2,E,1,"B, PD",,Bleaching ,,Partly dead with white patches,B
NanuyaLailai,,,NLDF2,3,Porites,1,M ,1,UWSD,Ulcerative White Spot Disease,,,White spots on surface,UWS
NanuyaLailai,,,NLDF2,3,Acropora,1,B,1,B,,Bleaching ,,Colony almost white,B
NanuyaLailai,,,NLDF2,3,Acropora,1,T,0,,,,,,H
NanuyaLailai,,,NLDF2,3,Favites,1,E,0,,,,,,H
NanuyaLailai,,,NLDF2,3,Acropora,1,B,0,,,,,,H
NanuyaLailai,,,NLDF2,3,Acropora,1,B,3,PD,,,,,PD
NanuyaLailai,,,NLDF2,3,Acropora,1,B,1,"USWD, PD",Ulcerative White Spot Disease,,,Partly dead with white spots,UWS
NanuyaLailai,,,NLDF2,3,Acropora,5,T,0,,,,,,H
NanuyaLailai,,,NLDF2,3,Acropora,1,T,3,PD,,,,,PD
NanuyaLailai,,,NLDF2,3,Acropora,1,T,2,GA,Growth Anomalies ,,,,GA
NanuyaLailai,,,NLDF2,3,Favites,1,SM,3,PD,,,,,PD
NanuyaLailai,,,NLDF2,3,Pavona,1,SM,3,PD,,,,,PD
NanuyaLailai,,,NLDF2,3,Acropora,1,T,1,"B,PD",,Bleaching ,,Partly dead and bleached,B
NanuyaLailai,,,NLDF2,3,Pavona,1,E,3,PD,,,,,PD
NanuyaLailai,,,NLDF2,3,Acropora,1,B,0,,,,,,H
NanuyaLailai,,,NLDF2,3,Pavona,1,SM,0,,,,,,H
NanuyaLailai,,,NLDF2,3,Porites,1,M ,3,PD,,,,,PD
NanuyaLailai,,,NLDF2,3,Pocillopora,1,CC,1,"B, PD",,Bleaching ,,Partly dead with bleaching in some branches,B
NanuyaLailai,,,NLDF2,3,Isopora,1,SM,1,"B, PD",,Bleaching ,,Partly dead with white patches ,B
NanuyaLailai,,,NLDF2,3,Pocillopora,1,CC,0,,,,,,H
NanuyaLailai,,,NLDF2,3,Acropora,2,T,0,,,,,,H
NanuyaLailai,,,NLDF2,3,Platygyra,1,M ,0,,,,,,H
NanuyaLailai,,,NLDF2,3,Merulina,1,F,1,"FB, PD",,Focal Bleaching ,,Partly dead with white patches,FB
NanuyaLailai,,,NLDF2,3,Merulina,1,F,0,,,,,,H
NanuyaLailai,,,NLDF2,3,Millepora,1,B,0,,,,,,H
NanuyaLailai,,,NLDF2,3,Acropora,2,B,0,,,,,,H
NanuyaLailai,,,NLDF2,3,Porites,1,SM,3,PD,,,,,PD
NanuyaLailai,,,NLDF2,3,Pavona,1,SM,3,PD,,,,,PD
NanuyaLailai,,,NLDF2,3,Porites,1,SM,1,"FB, PD",,Focal Bleaching ,,Partly dead with white spots ,FB
NanuyaLailai,,,NLDF2,3,Cyphastrea,1,SM,3,PD,,,,,PD
NanuyaLailai,,,NLDF2,3,Acropora,1,T,3,PD,,,,,PD
NanuyaLailai,,,NLDF2,3,Acropora,2,B,0,,,,,,H
NanuyaLailai,,,NLDF2,3,Acropora,9,T,0,,,,,,H
NanuyaLailai,,,NLDF2,3,Porites,1,SM,1,"B, ",,Bleaching ,,Pale and white patches on colony,B
NanuyaLailai,,,NLDF2,3,Acropora,7,B,0,,,,,,H
NanuyaLailai,,,NLDF2,3,Porites,1,E,0,,,,,,H
NanuyaLailai,,,NLDF2,3,Montipora,1,E,0,,,,,,H
NanuyaLailai,,,NLDF2,3,Porites,1,E,1,FB,,Focal Bleaching ,,White patches on surface,FB
NanuyaLailai,,,NLDF2,3,Pocillopora,2,CC,3,PD,,,,,PD
NanuyaLailai,,,NLDF2,3,Pocillopora,5,CC,1,"B, PD",,Bleaching ,,Partly dead with bleaching on some branches,B
NanuyaLailai,,,NLDF2,3,Acropora,1,B,3,PD,,,,,PD
NanuyaLailai,,,NLDF2,3,Acropora,1,D,0,,,,,,H
NanuyaLailai,,,NLDF2,3,Millepora,1,SM,3,PD,,,,,PD
NanuyaLailai,,,NLDF2,3,Pavona,1,SM,1,FB,,Focal Bleaching ,,White spots and patches on surface,FB
NanuyaLailai,,,NLDF2,3,Acropora,1,T,1,"P, PD",,Predation,,Partly dead with potential signs of predation either COTS or Drupella ,P
NanuyaLailai,,,NLDF2,3,Acropora,1,B,3,PD,,,,,PD
NanuyaLailai,,,NLDF2,3,Porites,1,SM,3,PD,,,,,PD
NanuyaLailai,,,NLDF2,3,Acropora,5,T,0,,,,,,H
NanuyaLailai,,,NLDF2,3,Acropora,1,T,3,PD,,,,,PD
NanuyaLailai,,,NLDF2,3,Montipora,1,SM,1,"FB, PD",,Focal Bleaching ,,Partly dead with white patches ,FB
NanuyaLailai,,,NLDF2,3,Fungia,1,S,0,,,,,,H
NanuyaLailai,,,NLDF2,3,Pocillopora,1,CC,2,"GA, PD",Growth Anomalies ,,,Partly dead with abnormal growths,GA
NanuyaLailai,,,NLDF2,3,Acropora,1,T,3,PD,,,,,PD
NanuyaLailai,,,NLDF2,3,Acropora,1,B,1,"P, UWSD, PD",Ulcerative White Spot Disease,Predation,,Partly dead with signs of predation(drupella) and white spots. Some dead portions are covered with white cementing algae,P
NanuyaLailai,,,NLDF2,3,Acropora,1,D,0,,,,,,H
NanuyaLailai,,,NLDF2,3,Stylophora,1,B,2,"GA, B",Growth Anomalies ,Bleaching ,,Parlty bleached with GAs,GA
NanuyaLailai,,,NLDF2,3,Acropora,1,T,1,"B, ",,Bleaching ,,Partly bleached,B
NanuyaLailai,,,NLDF2,3,Pavona,1,SM,3,PD,,,,,PD
NanuyaLailai,,,NLDF2,3,Millepora,1,B,0,,,,,,H
NanuyaLailai,,,NLDF2,3,Acropora,4,B,0,,,,,,H
NanuyaLailai,,,NLDF2,3,Pocillopora,1,CC,1,"B, ",,Bleaching ,,Partly bleaching ,B
NanuyaLailai,,,NLDF2,3,Pocillopora,1,CC,0,,,,,,H
NanuyaLailai,,,NLDF2,3,Acropora,1,B,1,"B, PD",,Bleaching ,,Partly bleached and dead ,B
NanuyaLailai,,,NLDF2,3,Acropora,1,B,1,B,,Bleaching ,,Whole colony bleached,B
NanuyaLailai,,,NLDF2,3,Porites,1,SM,1,"B, PD",,Bleaching ,,Partly dead with white and yellow patches ,B
NanuyaLailai,,,NLDF2,3,Montipora,1,SM,3,PD,,,,,PD
NanuyaLailai,,,NLDF2,3,Favites,1,E,3,PD,,,,,PD
NanuyaLailai,,,NLDF2,3,Acropora,1,B,3,PD,,,,,PD
NanuyaLailai,,,NLDF2,3,Acropora,3,B,0,,,,,,H
NanuyaLailai,,,NLDF2,3,Pocillopora,2,CC,1,"B, PD",,Bleaching ,,Partly bleached and dead,B
NanuyaLailai,,,NLDF2,3,Porites,3,B,3,PD,,,,,PD
NanuyaLailai,,,NLDF2,3,Acropora,1,B,0,,,,,,H
NanuyaLailai,,,NLDF2,3,Acropora,1,B,3,PD,,,,,PD
NanuyaLailai,,,NLDF2,3,Pavona,3,E,3,PD,,,,,PD
NanuyaLailai,,,NLDF2,3,Acropora,1,B,1,"B, PD",,Bleaching ,,Partly dead with white patches ,B
NanuyaLailai,,,NLDF2,3,Pocillopora,2,CC,3,PD,,,,,PD
NanuyaLailai,,,NLDF2,3,Pocillopora,2,CC,0,,,,,,H
NanuyaLailai,,,NLDF2,3,Pocillopora,1,SM,3,PD,,,,,PD
NanuyaLailai,,,NLDF2,3,Acropora,1,B,3,PD,,,,,PD
,,,,,,,,,,,,,,
,,,,,,,,,,,,,,
,,,,,,,,,,,,,,
,,,,,,,,,,,,,,
,,,,,,,,,,,,,,
,,,,,,,,,,,,,,
,,,,,,,,,,,,,,
,,,,,,,,,,,,,,
,,,,,,,,,,,,,,
,,,,,,,,,,,,,,
,,,,,,,,,,,,,,
,,,,,,,,,,,,,,
,,,,,,,,,,,,,,
,,,,,,,,,,,,,,
,,,,,,,,,,,,,,
,,,,,,,,,,,,,,
,,,,,,,,,,,,,,
,,,,,,,,,,,,,,
,,,,,,,,,,,,,,
,,,,,,,,,,,,,,
,,,,,,,,,,,,,,
,,,,,,,,,,,,,,
,,,,,,,,,,,,,,
,,,,,,,,,,,,,,
,,,,,,,,,,,,,,
,,,,,,,,,,,,,,
,,,,,,,,,,,,,,
,,,,,,,,,,,,,,
,,,,,,,,,,,,,,
,,,,,,,,,,,,,,
,,,,,,,,,,,,,,
,,,,,,,,,,,,,,
,,,,,,,,,,,,,,
,,,,,,,,,,,,,,
,,,,,,,,,,,,,,
,,,,,,,,,,,,,,
,,,,,,,,,,,,,,
,,,,,,,,,,,,,,
,,,,,,,,,,,,,,
,,,,,,,,,,,,,,
,,,,,,,,,,,,,,
,,,,,,,,,,,,,,
,,,,,,,,,,,,,,
,,,,,,,,,,,,,,
,,,,,,,,,,,,,,
,,,,,,,,,,,,,,
,,,,,,,,,,,,,,
,,,,,,,,,,,,,,
,,,,,,,,,,,,,,
,,,,,,,,,,,,,,
,,,,,,,,,,,,,,
,,,,,,,,,,,,,,
,,,,,,,,,,,,,,
,,,,,,,,,,,,,,
,,,,,,,,,,,,,,
,,,,,,,,,,,,,,
,,,,,,,,,,,,,,
,,,,,,,,,,,,,,
,,,,,,,,,,,,,,
,,,,,,,,,,,,,,
,,,,,,,,,,,,,,
,,,,,,,,,,,,,,
,,,,,,,,,,,,,,
,,,,,,,,,,,,,,
,,,,,,,,,,,,,,
,,,,,,,,,,,,,,
,,,,,,,,,,,,,,
,,,,,,,,,,,,,,
,,,,,,,,,,,,,,
,,,,,,,,,,,,,,
,,,,,,,,,,,,,,
,,,,,,,,,,,,,,
,,,,,,,,,,,,,,
,,,,,,,,,,,,,,
,,,,,,,,,,,,,,
,,,,,,,,,,,,,,
,,,,,,,,,,,,,,
,,,,,,,,,,,,,,
,,,,,,,,,,,,,,
,,,,,,,,,,,,,,
,,,,,,,,,,,,,,
,,,,,,,,,,,,,,
,,,,,,,,,,,,,,
,,,,,,,,,,,,,,
,,,,,,,,,,,,,,
,,,,,,,,,,,,,,
,,,,,,,,,,,,,,
,,,,,,,,,,,,,,
,,,,,,,,,,,,,,
,,,,,,,,,,,,,,
,,,,,,,,,,,,,,
,,,,,,,,,,,,,,
,,,,,,,,,,,,,,
,,,,,,,,,,,,,,
,,,,,,,,,,,,,,
,,,,,,,,,,,,,,
,,,,,,,,,,,,,,
,,,,,,,,,,,,,,
,,,,,,,,,,,,,,
,,,,,,,,,,,,,,
,,,,,,,,,,,,,,
,,,,,,,,,,,,,,
,,,,,,,,,,,,,,
,,,,,,,,,,,,,,
,,,,,,,,,,,,,,
,,,,,,,,,,,,,,
,,,,,,,,,,,,,,
,,,,,,,,,,,,,,
,,,,,,,,,,,,,,
,,,,,,,,,,,,,,
,,,,,,,,,,,,,,
,,,,,,,,,,,,,,
,,,,,,,,,,,,,,
,,,,,,,,,,,,,,
,,,,,,,,,,,,,,
,,,,,,,,,,,,,,
,,,,,,,,,,,,,,
,,,,,,,,,,,,,,
,,,,,,,,,,,,,,
,,,,,,,,,,,,,,
,,,,,,,,,,,,,,
,,,,,,,,,,,,,,
,,,,,,,,,,,,,,
,,,,,,,,,,,,,,
,,,,,,,,,,,,,,
,,,,,,,,,,,,,,
,,,,,,,,,,,,,,
,,,,,,,,,,,,,,
,,,,,,,,,,,,,,
,,,,,,,,,,,,,,
,,,,,,,,,,,,,,
,,,,,,,,,,,,,,
,,,,,,,,,,,,,,
,,,,,,,,,,,,,,
,,,,,,,,,,,,,,
,,,,,,,,,,,,,,
,,,,,,,,,,,,,,
,,,,,,,,,,,,,,
,,,,,,,,,,,,,,
,,,,,,,,,,,,,,
,,,,,,,,,,,,,,
,,,,,,,,,,,,,,
,,,,,,,,,,,,,,
,,,,,,,,,,,,,,
,,,,,,,,,,,,,,
,,,,,,,,,,,,,,
,,,,,,,,,,,,,,
,,,,,,,,,,,,,,
,,,,,,,,,,,,,,
,,,,,,,,,,,,,,
,,,,,,,,,,,,,,
,,,,,,,,,,,,,,
,,,,,,,,,,,,,,
,,,,,,,,,,,,,,
,,,,,,,,,,,,,,
,,,,,,,,,,,,,,
,,,,,,,,,,,,,,
,,,,,,,,,,,,,,
,,,,,,,,,,,,,,
,,,,,,,,,,,,,,
,,,,,,,,,,,,,,
,,,,,,,,,,,,,,
,,,,,,,,,,,,,,
,,,,,,,,,,,,,,
,,,,,,,,,,,,,,
,,,,,,,,,,,,,,
,,,,,,,,,,,,,,
,,,,,,,,,,,,,,
,,,,,,,,,,,,,,
