Location,Date,Time,SiteName,Transect#,Genus ,NumberperTransect,Growthforms,Signs of abornmality,Types,Potential Syndrome - If disease,Other non disease potential ,Other potential non diseae Symptom,Comments,New Cat
NanuyaLailai,12/4/2013,,NLSF2,1,Acropora,24,T,0,,,,,,H
NanuyaLailai,12/4/2013,,NLSF2,1,Favites,1,E,0,,,,,,H
NanuyaLailai,12/4/2013,,NLSF2,1,Porites,1,SM,1,"P, E, PD",,Predation,Eroded,Partly dead with fish feeding marks and signs of organism burrowing ,P
NanuyaLailai,12/4/2013,,NLSF2,1,Montipora,2,E,0,,,,,,H
NanuyaLailai,12/4/2013,,NLSF2,1,Porites,1,SM,4,E,,Eroded,,Parlty dead with signs of organism burrowing,
NanuyaLailai,12/4/2013,,NLSF2,1,Acropora,1,T,0,,,,,,H
NanuyaLailai,12/4/2013,,NLSF2,1,Pocillopora,1,CC,1,"B,",,Bleaching ,,Partly bleached,BL
NanuyaLailai,12/4/2013,,NLSF2,1,Acropora,1,T,2,GA,Growth Anomalies ,,,,GA
NanuyaLailai,12/4/2013,,NLSF2,1,Millepora,2,SM,3,PD,,,,,PD
NanuyaLailai,12/4/2013,,NLSF2,1,Favites,1,E,1,"B,PD",,Bleaching ,,Partly dead and prepared,BL
NanuyaLailai,12/4/2013,,NLSF2,1,Porites,1,SM,1,"E, PD",,Eroded,,Any sign of organism burrowing,IG
NanuyaLailai,12/4/2013,,NLSF2,1,Porites,1,M ,0,,,,,,H
NanuyaLailai,12/4/2013,,NLSF2,1,Porites,2,SM,1,"B, PD",,Bleaching ,,Partly dead with white patches caused by mutlifocal bleaching,BL
NanuyaLailai,12/4/2013,,NLSF2,1,Montipora,1,SM,0,,,,,,H
NanuyaLailai,12/4/2013,,NLSF2,1,Porites,1,SM,3,PD,,,,,PD
NanuyaLailai,12/4/2013,,NLSF2,1,Goniastrea,1,M ,0,,,,,,H
NanuyaLailai,12/4/2013,,NLSF2,1,Pocillopora,1,CC,3,PD,,,,,PD
NanuyaLailai,12/4/2013,,NLSF2,1,Merulina,1,F,0,,,,,,H
NanuyaLailai,12/4/2013,,NLSF2,1,Millepora,1,B,3,PD,,,,,PD
NanuyaLailai,12/4/2013,,NLSF2,1,Porites,1,M ,4,E,,Eroded,,Signs of organism burrowing,IG
NanuyaLailai,12/4/2013,,NLSF2,1,Acropora,2,E,0,,,,,,H
NanuyaLailai,12/4/2013,,NLSF2,1,Acropora,3,D,0,,,,,,H
NanuyaLailai,12/4/2013,,NLSF2,1,Acropora,1,B,0,,,,,,H
NanuyaLailai,12/4/2013,,NLSF2,1,Acropora,2,T,3,PD,,,,,PD
NanuyaLailai,12/4/2013,,NLSF2,1,Millepora,3,B,3,PD,,,,,PD
NanuyaLailai,12/4/2013,,NLSF2,1,Echinopora,2,F,0,,,,,,H
NanuyaLailai,12/4/2013,,NLSF2,1,Montipora,1,E,0,,,,,,H
NanuyaLailai,12/4/2013,,NLSF2,1,Porites,1,SM,3,PD,,,,,PD
NanuyaLailai,12/4/2013,,NLSF2,1,Pocillopora,1,CC,1,B,,Bleaching ,,Some white patches on branches,BL
NanuyaLailai,12/4/2013,,NLSF2,1,Acropora,10,B,0,,,,,,H
NanuyaLailai,12/4/2013,,NLSF2,1,Acropora,28,T,0,,,,,,H
NanuyaLailai,12/4/2013,,NLSF2,1,Acropora,1,T,1,B,,Bleaching ,,Whole colony is pale ,BL
NanuyaLailai,12/4/2013,,NLSF2,1,Porites,1,M ,0,,,,,,H
NanuyaLailai,12/4/2013,,NLSF2,1,Merulina,1,F,0,,,,,,H
NanuyaLailai,12/4/2013,,NLSF2,1,Porites,1,SM,0,,,,,,H
NanuyaLailai,12/4/2013,,NLSF2,1,Favia,1,SM,3,PD,,,,,PD
NanuyaLailai,12/4/2013,,NLSF2,1,Pocillopora,1,CC,0,,,,,,H
NanuyaLailai,12/4/2013,,NLSF2,1,Isopora,1,E,0,,,,,,H
NanuyaLailai,12/4/2013,,NLSF2,1,Porites,2,E,3,PD,,,,,PD
NanuyaLailai,12/4/2013,,NLSF2,1,Pocillopora,2,CC,2,"GA,B",Growth Anomalies ,Bleaching ,,,GA
NanuyaLailai,12/4/2013,,NLSF2,1,Acropora,1,T,0,,,,,,H
NanuyaLailai,12/4/2013,,NLSF2,1,Porites,2,SM,3,PD,,,,,PD
NanuyaLailai,12/4/2013,,NLSF2,1,Acropora,1,T,1,B,,Bleaching ,,Whole colony bleached ,BL
NanuyaLailai,12/4/2013,,NLSF2,1,Acropora,1,B,2,"GA, PD",Growth Anomalies ,,,Partly dead with GAs,GA
NanuyaLailai,12/4/2013,,NLSF2,1,Porites,1,M ,1,"WS, PD",White Syndrome,,,Partly dead with white bands and spots on surface,WS
NanuyaLailai,12/4/2013,,NLSF2,1,Porites,1,M ,3,PD,,,,,PD
NanuyaLailai,12/4/2013,,NLSF2,1,Montipora,3,SM,3,PD,,,,,PD
NanuyaLailai,12/4/2013,,NLSF2,1,Acropora,2,T,0,,,,,,H
NanuyaLailai,12/4/2013,,NLSF2,1,Pocillopora,1,CC,1,"B, ",,Bleaching ,,Colony looks pale,BL
NanuyaLailai,12/4/2013,,NLSF2,1,Porites,1,E,3,PD,,,,,PD
NanuyaLailai,12/4/2013,,NLSF2,1,Acropora,1,B,0,,,,,,H
NanuyaLailai,12/4/2013,,NLSF2,1,Millepora,3,SM,3,PD,,,,,PD
NanuyaLailai,12/4/2013,,NLSF2,1,Pavona,1,SM,3,PD,,,,,PD
NanuyaLailai,12/4/2013,,NLSF2,1,Diploastrea,1,M ,0,,,,,,H
NanuyaLailai,12/4/2013,,NLSF2,1,Favites,1,E,1,"B, PD",,Bleaching ,,Partly dead and bleached,BL
NanuyaLailai,12/4/2013,,NLSF2,1,Pavona,1,SM,3,PD,,,,,PD
NanuyaLailai,12/4/2013,,NLSF2,1,Acropora,1,T,1,"B, PD",,Bleaching ,,Mostly dead with few white branches ,BL
NanuyaLailai,12/4/2013,,NLSF2,1,Acropora,3,T,3,PD,,,,,PD
NanuyaLailai,12/4/2013,,NLSF2,1,Acropora,3,T,0,,,,,,H
NanuyaLailai,12/4/2013,,NLSF2,1,Porites,1,SM,1,"B, PD",,Bleaching ,,Partly dead with spots ,BL
NanuyaLailai,12/4/2013,,NLSF2,1,Acropora,1,T,1,"B, PD",,Bleaching ,,Partly dead and bleached ,BL
NanuyaLailai,12/4/2013,,NLSF2,1,Acropora,2,T,0,,,,,,H
NanuyaLailai,12/4/2013,,NLSF2,1,Montipora,1,SM,3,PD,,,,,PD
NanuyaLailai,12/4/2013,,NLSF2,1,Pocillopora,1,CC,0,,,,,,H
NanuyaLailai,12/4/2013,,NLSF2,1,Acropora,1,B,0,,,,,,H
NanuyaLailai,12/4/2013,,NLSF2,1,Acropora,2,T,0,,,,,,H
NanuyaLailai,12/4/2013,,NLSF2,1,Goniastrea,1,M ,0,,,,,,H
NanuyaLailai,12/4/2013,,NLSF2,1,Acropora,2,T,1,"B, PD",,Bleaching ,,White patches on surface caused by multifocal bleaching ,BL
NanuyaLailai,12/4/2013,,NLSF2,1,Montipora,1,E,0,,,,,,H
NanuyaLailai,12/4/2013,,NLSF2,1,Montipora,1,SM,1,"B,E, PD",,Bleaching ,Eroded,Partly dead and white patches of mutlifocal bleahcing due to sediment clogs. Also organism burrowing ,BL
NanuyaLailai,12/4/2013,,NLSF2,1,Acropora,5,T,0,,,,,,H
NanuyaLailai,12/4/2013,,NLSF2,1,Acropora,1,T,1,"B,",,Bleaching ,,Partly Bleached,BL
NanuyaLailai,12/4/2013,,NLSF2,1,Acropora,1,T,2,GA,Growth Anomalies ,,,,GA
NanuyaLailai,12/4/2013,,NLSF2,1,Acropora,4,D,0,,,,,,H
NanuyaLailai,12/4/2013,,NLSF2,1,Platygyra,2,E,1,"B, ",,Bleaching ,,Partly bleached,BL
NanuyaLailai,12/4/2013,,NLSF2,1,Acropora,1,B,0,,,,,,H
NanuyaLailai,12/4/2013,,NLSF2,1,Porites,1,M ,1,FB,,Focal Bleaching ,,White spots on surface,FB
NanuyaLailai,12/4/2013,,NLSF2,1,Pocillopora,1,CC,0,,,,,,H
NanuyaLailai,12/4/2013,,NLSF2,1,Acropora,8,T,0,,,,,,H
NanuyaLailai,12/4/2013,,NLSF2,1,Acropora,1,B,0,,,,,,H
NanuyaLailai,12/4/2013,,NLSF2,1,Pavona,1,SM,0,,,,,,H
NanuyaLailai,12/4/2013,,NLSF2,1,Acropora,1,T,1,B,,Bleaching ,,Partly bleached,BL
NanuyaLailai,12/4/2013,,NLSF2,1,Acropora,1,B,1,"B, PD",,Bleaching ,,Parltly dead and bleached,BL
NanuyaLailai,12/4/2013,,NLSF2,1,Acropora,1,D,0,,,,,,H
NanuyaLailai,12/4/2013,,NLSF2,1,Acropora,2,T,0,,,,,,H
NanuyaLailai,12/4/2013,,NLSF2,1,Acropora,1,T,2,GA,Growth Anomalies ,,,,GA
NanuyaLailai,12/4/2013,,NLSF2,1,Montipora,1,E,0,,,,,,H
NanuyaLailai,12/4/2013,,NLSF2,1,Pocillopora,5,CC,1,B,,Bleaching ,,Whole colony Is white,BL
NanuyaLailai,12/4/2013,,NLSF2,1,Acropora,1,B,3,PD,,,,,PD
NanuyaLailai,12/4/2013,,NLSF2,1,Acropora,6,T,0,,,,,,H
NanuyaLailai,12/4/2013,,NLSF2,1,Porites,1,E,1,"B, P, PD",,Bleaching ,Predation,Partly dead with white spots and patches caused by both bleaching and predation,BL
NanuyaLailai,12/4/2013,,NLSF2,1,Acropora,3,D,0,,,,,,H
NanuyaLailai,12/4/2013,,NLSF2,1,Porites,2,E,3,PD,,,,,PD
NanuyaLailai,12/4/2013,,NLSF2,1,Pavona,1,E,3,PD,,,,,PD
NanuyaLailai,12/4/2013,,NLSF2,1,Acropora,1,T,1,"B, PD",,Bleaching ,,Partly dead with white patches ,BL
NanuyaLailai,12/4/2013,,NLSF2,1,Acropora,1,T,3,PD,,,,,PD
NanuyaLailai,12/4/2013,,NLSF2,1,Porites,1,SM,3,PD,,,,,PD
NanuyaLailai,12/4/2013,,NLSF2,1,Acropora,6,T,0,,,,,,H
NanuyaLailai,12/4/2013,,NLSF2,1,Millepora,6,E,0,,,,,,H
NanuyaLailai,12/4/2013,,NLSF2,1,Acropora,1,T,2,GA,Growth Anomalies ,,,,GA
NanuyaLailai,12/4/2013,,NLSF2,1,Acropora,7,B,0,,,,,,H
NanuyaLailai,12/4/2013,,NLSF2,1,Pocillopora,5,CC,0,,,,,,H
NanuyaLailai,12/4/2013,,NLSF2,1,Montipora,1,E,4,"E, PD",,Eroded,,Partly dead and eroded,IG
NanuyaLailai,12/4/2013,,NLSF2,1,Goniastrea,1,E,3,PD,,,,,PD
NanuyaLailai,12/4/2013,,NLSF2,1,Acropora,1,B,3,PD,,,,,PD
NanuyaLailai,12/4/2013,,NLSF2,1,Acropora,1,T,2,"GA, PD",Growth Anomalies ,,,Parlty dead with abnormal polyp growth,GA
NanuyaLailai,12/4/2013,,NLSF2,1,Acropora,1,B,1,B,,Bleaching ,,Colony is pale ,BL
NanuyaLailai,12/4/2013,,NLSF2,1,Acropora,1,T,3,PD,,,,Overturned colony,PD
NanuyaLailai,12/4/2013,,NLSF2,1,Isopora,1,SM,0,,,,,,H
NanuyaLailai,12/4/2013,,NLSF2,1,Porites,1,M ,1,"UWSD, PD",Ulcerative White Spot Disease,,,Partly dead with white spots ,UWS
NanuyaLailai,12/4/2013,,NLSF2,1,Montipora,1,SM,3,PD,,,,,PD
NanuyaLailai,12/4/2013,,NLSF2,1,Cyphastrea,1,SM,4,"E, PD",,Eroded,,Partly dead and eroded,IG
NanuyaLailai,12/4/2013,,NLSF2,1,Acropora,1,T,1,"B, PD",,Bleaching ,,Partly dead with white patches on surface,BL
NanuyaLailai,12/4/2013,,NLSF2,1,Porites,1,E,3,PD,,,,,PD
NanuyaLailai,12/4/2013,,NLSF2,1,Acropora,3,T,0,,,,,,H
NanuyaLailai,12/4/2013,,NLSF2,1,Acropora,1,T,2,GA,Growth Anomalies ,,,,GA
NanuyaLailai,12/4/2013,,NLSF2,1,Fungia,1,S,3,PD,,,,,PD
NanuyaLailai,12/4/2013,,NLSF2,1,Porites,1,F,3,PD,,,,,PD
NanuyaLailai,12/4/2013,,NLSF2,1,Porites,1,SM,0,,,,,,H
NanuyaLailai,12/4/2013,,NLSF2,1,Montipora,1,M ,3,PD,,,,,PD
NanuyaLailai,12/4/2013,,NLSF2,1,Fungia,1,S,1,"B, ",,,,White patcjhes caused by multifocal bleaching ,BL
NanuyaLailai,12/4/2013,,NLSF2,1,Porites,1,M ,3,PD,,,,,PD
NanuyaLailai,12/4/2013,,NLSF2,1,Pavona,1,M ,3,PD,,,,,PD
NanuyaLailai,12/4/2013,,NLSF2,1,Acropora,1,T,1,"B, PD",,Bleaching ,,"Partly dead, fragmented and bleached ",BL
NanuyaLailai,12/4/2013,,NLSF2,1,Acropora,2,T,0,,,,,,H
NanuyaLailai,12/4/2013,,NLSF2,1,Millepora,6,SM,3,PD,,,,,PD
NanuyaLailai,12/4/2013,,NLSF2,1,Acropora,1,E,1,B,,Bleaching ,,,BL
NanuyaLailai,12/4/2013,,NLSF2,1,Acropora,1,B,1,"B, PD",,Bleaching ,,Partly dead with mostly branches bleached,BL
NanuyaLailai,12/4/2013,,NLSF2,1,Platygyra,4,E,1,"B, PD",,Bleaching ,,Partly bleached and dead,BL
NanuyaLailai,12/4/2013,,NLSF2,1,Acropora,1,T,1,"B,",,Bleaching ,,White patches in the center,BL
NanuyaLailai,12/4/2013,,NLSF2,1,Favites,2,E,1,"B, PD",,Bleaching ,,Partly dead and mostly bleached,BL
NanuyaLailai,12/4/2013,,NLSF2,1,Acropora,2,T,0,,,,,,H
NanuyaLailai,12/4/2013,,NLSF2,1,Acropora,1,B,3,PD,,,,,PD
NanuyaLailai,12/4/2013,,NLSF2,1,Pavona,1,SM,3,PD,,,,,PD
NanuyaLailai,12/4/2013,,NLSF2,1,Acropora,1,B,0,,,,,,H
NanuyaLailai,12/4/2013,,NLSF2,1,Pavona,1,SM,0,,,,,,H
NanuyaLailai,12/4/2013,,NLSF2,1,Hydnophora,1,E,0,,,,,,H
NanuyaLailai,12/4/2013,,NLSF2,1,Goniastrea,1,E,0,,,,,,H
NanuyaLailai,12/4/2013,,NLSF2,1,Montipora,1,E,1,"B, PD",,Bleaching ,,Partly dead and bleached,BL
NanuyaLailai,12/4/2013,,NLSF2,1,Porites,1,M ,3,PD,,,,,PD
NanuyaLailai,12/4/2013,,NLSF2,1,Acropora,1,D,0,,,,,,H
NanuyaLailai,12/4/2013,,NLSF2,1,Porites,2,E,3,PD,,,,,PD
NanuyaLailai,12/4/2013,,NLSF2,1,Diploastrea,1,SM,0,,,,,,H
NanuyaLailai,12/4/2013,,NLSF2,1,Acropora,4,T,0,,,,,,H
NanuyaLailai,12/4/2013,,NLSF2,1,Pocillopora,1,CC,0,,,,,,H
NanuyaLailai,12/4/2013,,NLSF2,1,Favites,2,E,1,"B, PD",,Bleaching ,,Partly dead and bleached,BL
NanuyaLailai,12/4/2013,,NLSF2,1,Pavona,1,SM,3,PD,,,,,PD
NanuyaLailai,12/4/2013,,NLSF2,1,Acropora,1,T,3,PD,,,,,PD
NanuyaLailai,12/4/2013,,NLSF2,1,Acropora,4,B,0,,,,,,H
NanuyaLailai,12/4/2013,,NLSF2,1,Porites,1,M ,3,PD,,,,,PD
NanuyaLailai,12/4/2013,,NLSF2,1,Millepora,1,SM,3,PD,,,,,PD
NanuyaLailai,12/4/2013,,NLSF2,1,Acropora,1,T,3,PD,,,,,PD
NanuyaLailai,12/4/2013,,NLSF2,1,Acropora,2,B,0,,,,,,H
NanuyaLailai,12/4/2013,,NLSF2,1,Acropora,1,T,0,,,,,,H
NanuyaLailai,12/4/2013,,NLSF2,1,Porites,2,SM,3,PD,,,,,PD
NanuyaLailai,12/4/2013,,NLSF2,1,Acropora,1,E,0,,,,,,H
NanuyaLailai,12/4/2013,,NLSF2,1,Acropora,1,B,1,"B, PD",,Bleaching ,,Partly bleached and dead,BL
NanuyaLailai,12/4/2013,,NLSF2,1,Montipora,1,M ,2,"PR, PD",Pigmentation Response,,,Partly dead with whole colony going orange,PR
NanuyaLailai,12/4/2013,,NLSF2,1,Favites,2,E,3,PD,,,,,PD
NanuyaLailai,12/4/2013,,NLSF2,1,Acropora,1,T,2,GA,Growth Anomalies ,,,,GA
NanuyaLailai,12/4/2013,,NLSF2,1,Acropora,1,T,1,B,,Bleaching ,,Some branches are white ,BL
NanuyaLailai,12/4/2013,,NLSF2,1,Millepora,1,SM,3,PD,,,,,PD
NanuyaLailai,12/4/2013,,NLSF2,1,Acropora,3,T,0,,,,,,H
NanuyaLailai,12/4/2013,,NLSF2,1,Porites,1,E,4,"E, PD",,Eroded,,Partly dead and eroded,IG
NanuyaLailai,12/4/2013,,NLSF2,1,Acropora,1,B,0,,,,,,H
NanuyaLailai,12/4/2013,,NLSF2,1,Mycedium,1,F,0,,,,,,H
NanuyaLailai,12/4/2013,,NLSF2,1,Acropora,1,B,3,PD,,,,,PD
NanuyaLailai,12/4/2013,,NLSF2,1,Pavona,1,SM,3,PD,,,,,PD
NanuyaLailai,12/4/2013,,NLSF2,1,Porites,1,E,3,PD,,,,,PD
NanuyaLailai,12/4/2013,,NLSF2,1,Cyphastrea,1,SM,3,PD,,,,,PD
NanuyaLailai,12/4/2013,,NLSF2,1,Acropora,1,B,0,,,,,,H
NanuyaLailai,12/4/2013,,NLSF2,1,Platygyra,1,M ,3,PD,,,,,PD
NanuyaLailai,12/4/2013,,NLSF2,1,Porites,2,M ,1,"WS, ",White Syndrome,,,White patches advancing from growth end,WS
NanuyaLailai,12/4/2013,,NLSF2,1,Acropora,1,T,0,,,,,,H
NanuyaLailai,12/4/2013,,NLSF2,1,Acropora,1,B,3,PD,,,,,PD
NanuyaLailai,12/4/2013,,NLSF2,1,Acropora,1,B,0,,,,,,H
NanuyaLailai,12/4/2013,,NLSF2,1,Acropora,2,T,0,,,,,,H
NanuyaLailai,12/4/2013,,NLSF2,1,Acropora,4,B,0,,,,,,H
NanuyaLailai,12/4/2013,,NLSF2,1,Goniastrea,1,E,1,"B, PD",,Bleaching ,,Partly bleached and dead,BL
NanuyaLailai,12/4/2013,,NLSF2,1,Pavona,1,SM,4,"E, B, PD",,Eroded,Bleaching ,"Partly dead, eroded and bleached",BL
NanuyaLailai,12/4/2013,,NLSF2,1,Porites,1,SM,4,E,,Eroded,,Organism burrowing all over community ,IG
NanuyaLailai,12/4/2013,,NLSF2,1,Porites,1,B,0,,,,,,H
NanuyaLailai,12/4/2013,,NLSF2,1,Acropora,1,T,0,,,,,,H
NanuyaLailai,12/4/2013,,NLSF2,1,Acropora,1,T,1,"B, ",,Bleaching ,,Partly bleached ,BL
NanuyaLailai,12/4/2013,,NLSF2,1,Porites,1,SM,1,"B, ",,Bleaching ,,White patch on colony surface,BL
NanuyaLailai,12/4/2013,,NLSF2,1,Acropora,1,D,0,,,,,,H
NanuyaLailai,12/4/2013,,NLSF2,1,Montipora,4,SM,4,"E, PD",,Eroded,,Partly dead with some organism burrowing ,IG
NanuyaLailai,12/4/2013,,NLSF2,1,Leptoria,1,E,0,,,,,,H
NanuyaLailai,12/4/2013,,NLSF2,1,Psammocora,1,E,3,PD,,,,,PD
NanuyaLailai,12/4/2013,,NLSF2,1,Diploastrea,1,M ,0,,,,,,H
NanuyaLailai,12/4/2013,,NLSF2,1,Pavona,1,E,1,"B, ",,Bleaching ,,Partly bleached ,BL
NanuyaLailai,12/4/2013,,NLSF2,1,Pocillopora,1,CC,1,"B, PD",,Bleaching ,,Partly dead and bleached ,BL
NanuyaLailai,12/4/2013,,NLSF2,1,Pocillopora,1,SM,2,GA,Growth Anomalies ,,,,GA
NanuyaLailai,12/4/2013,,NLSF2,1,Acropora,1,B,0,,,,,,H
NanuyaLailai,12/4/2013,,NLSF2,1,Porites,1,M ,1,B,,Bleaching ,,Partly dead and bleached ,BL
NanuyaLailai,12/4/2013,,NLSF2,1,Acropora,1,T,0,,,,,,H
NanuyaLailai,12/4/2013,,NLSF2,1,Acropora,1,B,0,,,,,,H
NanuyaLailai,12/4/2013,,NLSF2,1,Acropora,1,T,3,PD,,,,,PD
NanuyaLailai,12/4/2013,,NLSF2,1,Montipora,1,F,3,PD,,,,,PD
NanuyaLailai,12/4/2013,,NLSF2,1,Porites,1,SM,0,,,,,,H
NanuyaLailai,12/4/2013,,NLSF2,1,Acropora,1,T,3,PD,,,,,PD
NanuyaLailai,12/4/2013,,NLSF2,1,Porites,1,SM,3,PD,,,,,PD
NanuyaLailai,12/4/2013,,NLSF2,1,Goniastrea,1,SM,3,PD,,,,,PD
NanuyaLailai,12/4/2013,,NLSF2,1,Favites,1,SM,3,PD,,,,,PD
NanuyaLailai,12/4/2013,,NLSF2,1,Pavona,2,SM,3,PD,,,,,PD
NanuyaLailai,12/4/2013,,NLSF2,1,Acropora,1,T,1,B,,Bleaching ,,Partly bleached ,BL
NanuyaLailai,12/4/2013,,NLSF2,1,Acropora,19,T,0,,,,,,H
NanuyaLailai,12/4/2013,,NLSF2,1,Porites,2,SM,3,PD,,,,,PD
NanuyaLailai,12/4/2013,,NLSF2,1,Goniastrea,1,SM,3,PD,,,,,PD
NanuyaLailai,12/4/2013,,NLSF2,1,Oxypora,1,F,0,,,,,,H
NanuyaLailai,12/4/2013,,NLSF2,1,Montipora,1,SM,3,PD,,,,,PD
NanuyaLailai,12/4/2013,,NLSF2,1,Porites,1,SM,3,PD,,,,,PD
NanuyaLailai,12/4/2013,,NLSF2,1,Acropora,1,T,1,B,,Bleaching ,,Partly bleached,BL
NanuyaLailai,12/4/2013,,NLSF2,1,Isopora,1,SM,1,"B, PD",,Bleaching ,,Partly dead and bleached,BL
NanuyaLailai,12/4/2013,,NLSF2,1,Acropora,1,E,0,,,,,,H
NanuyaLailai,12/4/2013,,NLSF2,1,Montipora,1,F,3,PD,,,,,PD
NanuyaLailai,12/4/2013,,NLSF2,1,Diploastrea,1,M ,3,PD,,,,,PD
NanuyaLailai,12/4/2013,,NLSF2,1,Favites,2,SM,3,PD,,,,,PD
NanuyaLailai,12/4/2013,,NLSF2,1,Porites,1,E,3,PD,,,,,PD
NanuyaLailai,12/4/2013,,NLSF2,1,Leptoria,1,E,1,"B,  PD",,Bleaching ,,Partly dead with white patches,BL
NanuyaLailai,12/4/2013,,NLSF2,1,Porites,2,E,1,"P, PD",,Predation,,Partly dead with white patches due to fish feeding ,P
NanuyaLailai,12/4/2013,,NLSF2,1,Pocillopora,2,SM,0,,,,,,H
NanuyaLailai,12/4/2013,,NLSF2,1,Acropora,1,T,0,,,,,,H
NanuyaLailai,12/4/2013,,NLSF2,1,Pocillopora,2,CC,1,"B, ",,Bleaching ,,Partly bleached,BL
NanuyaLailai,12/4/2013,,NLSF2,1,Pocillopora,1,CC,0,,,,,,H
NanuyaLailai,12/4/2013,,NLSF2,1,Astreopora,1,M ,3,PD,,,,,PD
NanuyaLailai,12/4/2013,,NLSF2,1,Porites,1,M ,1,UWSD,Ulcerative White Spot Disease,,,White spots on surface,UWS
NanuyaLailai,12/4/2013,,NLSF2,1,Montipora,1,SM,2,"PR, E, PD",Pigmentation Response,Eroded,,Partly dead with discoloration and erosion,PR
NanuyaLailai,12/4/2013,,NLSF2,1,Pavona,1,SM,3,PD,,,,,PD
NanuyaLailai,12/4/2013,,NLSF2,1,Acropora,1,T,1,B,,Bleaching ,,Partly dead and bleached ,BL
NanuyaLailai,12/4/2013,,NLSF2,1,Acropora,3,T,0,,,,,,H
NanuyaLailai,12/4/2013,,NLSF2,1,Porites,1,SM,1,"P, PD",,Predation,,Partly dead with fish feeding marks,P
NanuyaLailai,12/4/2013,,NLSF2,1,Porites,1,M ,1,FB,,Focal Bleaching ,,A few white spots on surface,FB
NanuyaLailai,12/4/2013,,NLSF2,1,Acropora,2,B,0,,,,,,H
NanuyaLailai,12/4/2013,,NLSF2,1,Acropora,2,T,0,,,,,,H
NanuyaLailai,12/4/2013,,NLSF2,1,Acropora,1,T,3,PD,,,,,PD
NanuyaLailai,12/4/2013,,NLSF2,1,Goniastrea,1,E,0,,,,,,H
NanuyaLailai,12/4/2013,,NLSF2,1,Pavona,2,E,3,PD,,,,,PD
NanuyaLailai,12/4/2013,,NLSF2,1,Montipora,1,SM,3,PD,,,,,PD
NanuyaLailai,12/4/2013,,NLSF2,1,Diploastrea,1,M ,3,PD,,,,,PD
NanuyaLailai,12/4/2013,,NLSF2,1,Acropora,1,B,0,,,,,,H
NanuyaLailai,12/4/2013,,NLSF2,1,Porites,1,M ,3,PD,,,,,PD
NanuyaLailai,12/4/2013,,NLSF2,1,Pavona,1,SM,3,PD,,,,,PD
NanuyaLailai,12/4/2013,,NLSF2,1,Pavona,1,E,0,,,,,,H
NanuyaLailai,12/4/2013,,NLSF2,1,Acropora,4,T,0,,,,,,H
NanuyaLailai,12/4/2013,,NLSF2,1,Goniastrea,1,E,0,,,,,,H
NanuyaLailai,12/4/2013,,NLSF2,1,Porites,1,M ,3,PD,,,,,PD
NanuyaLailai,12/4/2013,,NLSF2,1,Acropora,1,T,3,PD,,,,,PD
NanuyaLailai,12/4/2013,,NLSF2,1,Porites,1,E,1,B,,Bleaching ,,White patches caused by multifocal bleaching ,BL
NanuyaLailai,12/4/2013,,NLSF2,1,Pocillopora,1,CC,0,,,,,,H
NanuyaLailai,12/4/2013,,NLSF2,1,Porites,1,SM,1,"P, PD",,Predation,,Partly dead with fish feeding marks ,P
NanuyaLailai,12/4/2013,,NLSF2,1,Acropora,8,T,0,,,,,,H
NanuyaLailai,12/4/2013,,NLSF2,1,Pocillopora,1,CC,1,"B, PD",,Bleaching ,,Partly dead and bleached,BL
NanuyaLailai,12/4/2013,,NLSF2,1,Montipora,1,E,3,PD,,,,,PD
NanuyaLailai,12/4/2013,,NLSF2,1,Pavona,1,E,0,,,,,,H
NanuyaLailai,12/4/2013,,NLSF2,1,Acropora,1,T,2,GA,Growth Anomalies ,,,,GA
NanuyaLailai,12/4/2013,,NLSF2,1,Acropora,1,T,1,"B, PD",,Bleaching ,,Partly bleached and dead ,BL
NanuyaLailai,12/4/2013,,NLSF2,1,Pocillopora,1,SM,1,B,,Bleaching ,,Whole colony bleached,BL
NanuyaLailai,12/4/2013,,NLSF2,1,Pocillopora,2,CC,1,"B, PD",,Bleaching ,,Partly dead and bleached,BL
NanuyaLailai,12/4/2013,,NLSF2,1,Leptoria,1,E,0,,,,,,H
NanuyaLailai,12/4/2013,,NLSF2,1,Favites,2,E,1,"B,",,Bleaching ,,Partly bleached ,BL
NanuyaLailai,12/4/2013,,NLSF2,1,Acropora,1,B,1,UWSD,Ulcerative White Spot Disease,,,White spots on branches,UWS
NanuyaLailai,12/4/2013,,NLSF2,1,Diploastrea,1,M ,0,,,,,,H
NanuyaLailai,12/4/2013,,NLSF2,1,Acropora,2,E,0,,,,,,H
NanuyaLailai,12/4/2013,,NLSF2,1,Porites,1,E,1,"B, ",,Bleaching ,,,BL
NanuyaLailai,12/4/2013,,NLSF2,1,Acropora,2,B,0,,,,,,H
NanuyaLailai,12/4/2013,,NLSF2,1,Acropora,1,T,3,PD,,,,,PD
NanuyaLailai,12/4/2013,,NLSF2,1,Porites,1,SM,1,UWSD,Ulcerative White Spot Disease,,,White and pink spots on surface,UWS
NanuyaLailai,12/4/2013,,NLSF2,1,Acropora,4,T,0,,,,,,H
NanuyaLailai,12/4/2013,,NLSF2,1,Merulina,1,F,3,PD,,,,Smothered by sediment clog,PD
NanuyaLailai,12/4/2013,,NLSF2,1,Porites,1,SM,1,"B, PD",,Bleaching ,,Partly dead with white spots caused by mutlifocal bleaching ,BL
NanuyaLailai,12/4/2013,,NLSF2,1,Diploastrea,1,M ,3,PD,,,,,PD
NanuyaLailai,12/4/2013,,NLSF2,1,Mycedium,1,F,1,"P, PD",,Predation,,Partly dead and white patches due to predation,P
NanuyaLailai,12/4/2013,,NLSF2,1,Favites,1,SM,1,"B, ",,Bleaching ,,White patches on surface,BL
NanuyaLailai,12/4/2013,,NLSF2,1,Acropora,3,T,0,,,,,,H
NanuyaLailai,12/4/2013,,NLSF2,1,Porites,1,SM,0,,,,,,H
NanuyaLailai,12/4/2013,,NLSF2,1,Acropora,2,B,1,"UWSD, PD",Ulcerative White Spot Disease,,,Partly dead with white spots on surface,UWS
NanuyaLailai,12/4/2013,,NLSF2,1,Favites,3,E,1,"B, PD",,Bleaching ,,Partly dead and bleached,BL
NanuyaLailai,12/4/2013,,NLSF2,1,Goniastrea,1,SM,3,PD,,,,,PD
NanuyaLailai,12/4/2013,,NLSF2,1,Goniastrea,1,SM,0,,,,,,H
NanuyaLailai,12/4/2013,,NLSF2,1,Porites,2,M ,1,"UWSD, PD",Ulcerative White Spot Disease,,,Partly dead with white spots,UWS
NanuyaLailai,12/4/2013,,NLSF2,1,Montipora,1,SM,1,UWSD,Ulcerative White Spot Disease,,,White spots on surface,UWS
NanuyaLailai,12/4/2013,,NLSF2,1,Acropora,2,B,0,,,,,,H
NanuyaLailai,12/4/2013,,NLSF2,1,Pavona,1,SM,3,PD,,,,,PD
NanuyaLailai,12/4/2013,,NLSF2,1,Montipora,1,SM,3,PD,,,,,PD
NanuyaLailai,12/4/2013,,NLSF2,1,Acropora,9,T,0,,,,,,H
NanuyaLailai,12/4/2013,,NLSF2,1,Acropora,1,D,0,,,,,,H
NanuyaLailai,12/4/2013,,NLSF2,1,Favites,1,SM,3,PD,,,,,PD
NanuyaLailai,12/4/2013,,NLSF2,1,Montipora,1,SM,0,,,,,,H
NanuyaLailai,12/4/2013,,NLSF2,1,Diploastrea,1,E,0,,,,,,H
NanuyaLailai,12/4/2013,,NLSF2,1,Platygyra,3,SM,1,"B, PD",,Bleaching ,,Partly dead and bleached,BL
NanuyaLailai,12/4/2013,,NLSF2,1,Porites,2,B,3,PD,,,,,PD
NanuyaLailai,12/4/2013,,NLSF2,1,Favites,1,SM,1,"B, PD",,Bleaching ,,Partly dead and bleached,BL
NanuyaLailai,12/4/2013,,NLSF2,1,Montipora,1,E,0,,,,,,H
NanuyaLailai,12/4/2013,,NLSF2,1,Porites,1,SM,1,"B, PD",,Bleaching ,,Partly dead and bleached ,BL
NanuyaLailai,12/4/2013,,NLSF2,1,Porites,1,E,1,"UWSD, ",Ulcerative White Spot Disease,,,White spots on surface,UWS
NanuyaLailai,12/4/2013,,NLSF2,1,Acropora,2,B,1,B,,Bleaching ,,,BL
NanuyaLailai,12/4/2013,,NLSF2,1,Acropora,1,T,3,PD,,,,,PD
NanuyaLailai,12/4/2013,,NLSF2,1,Acropora,6,T,0,,,,,,H
NanuyaLailai,12/4/2013,,NLSF2,1,Montipora,1,E,1,B,,Bleaching ,,,BL
NanuyaLailai,12/4/2013,,NLSF2,1,Millepora,3,SM,3,PD,,,,,PD
NanuyaLailai,12/4/2013,,NLSF2,1,Acropora,2,B,0,,,,,,H
NanuyaLailai,12/4/2013,,NLSF2,1,Porites,1,SM,4,"E, PD",,Eroded,,Partly dead and eroded,IG
NanuyaLailai,12/4/2013,,NLSF2,1,Pocillopora,1,CC,0,,,,,,H
NanuyaLailai,12/4/2013,,NLSF2,1,Acropora,1,D,0,,,,,,H
NanuyaLailai,12/4/2013,,NLSF2,1,Acropora,10,T,0,,,,,,H
NanuyaLailai,12/4/2013,,NLSF2,1,Astreopora,1,SM,3,PD,,,,,PD
NanuyaLailai,12/4/2013,,NLSF2,1,Acropora,1,T,3,PD,,,,,PD
NanuyaLailai,12/4/2013,,NLSF2,1,Montipora,1,F,0,,,,,,H
NanuyaLailai,12/4/2013,,NLSF2,1,Diploastrea,1,SM,3,PD,,,,,PD
NanuyaLailai,12/4/2013,,NLSF2,1,Montipora,1,SM,3,PD,,,,,PD
NanuyaLailai,12/4/2013,,NLSF2,1,Porites,2,SM,3,PD,,,,,PD
NanuyaLailai,12/4/2013,,NLSF2,1,Pocillopora,2,CC,0,,,,,,H
NanuyaLailai,12/4/2013,,NLSF2,1,Porites,1,SM,3,PD,,,,,PD
NanuyaLailai,12/4/2013,,NLSF2,1,Favites,1,E,1,"B, PD",,,,,BL
NanuyaLailai,12/4/2013,,NLSF2,1,Acropora,1,T,1,"B, PD",,Bleaching ,,"Partly bleached, fragmented and dead colony ",BL
NanuyaLailai,12/4/2013,,NLSF2,1,Pocillopora,3,CC,1,B,,Bleaching ,,,BL
NanuyaLailai,12/4/2013,,NLSF2,1,Acropora,1,T,3,PD,,,,,PD
NanuyaLailai,12/4/2013,,NLSF2,1,Acropora,1,T,1,"B, ",,Bleaching ,,Few white patches on colony surface,BL
NanuyaLailai,12/4/2013,,NLSF2,1,Acropora,1,B,1,"B, ",,Bleaching ,,Partly bleached,BL
NanuyaLailai,12/4/2013,,NLSF2,1,Platygyra,1,M ,1,"B, PD",,Bleaching ,,Partly dead and bleached,BL
NanuyaLailai,12/4/2013,,NLSF2,1,Pavona,1,SM,0,,,,,,H
NanuyaLailai,12/4/2013,,NLSF2,1,Pocillopora,1,CC,1,"B, PD",,Bleaching ,,Partly dead and bleached,BL
NanuyaLailai,12/4/2013,,NLSF2,1,Acropora,1,E,0,,,,,,H
NanuyaLailai,12/4/2013,,NLSF2,1,Favites,1,E,0,,,,,,H
NanuyaLailai,12/4/2013,,NLSF2,1,Acropora,2,B,0,,,,,,H
NanuyaLailai,12/4/2013,,NLSF2,1,Fungia,1,S,1,"B, ",,Bleaching ,,Few white patches ,BL
NanuyaLailai,12/4/2013,,NLSF2,1,Acropora,1,T,0,,,,,,H
NanuyaLailai,12/4/2013,,NLSF2,1,Acropora,2,B,0,,,,,,H
NanuyaLailai,12/4/2013,,NLSF2,1,Pocillopora,1,SM,0,,,,,,H
NanuyaLailai,12/4/2013,,NLSF2,1,Acropora,1,T,1,B,,Bleaching ,,White patches in the center,BL
NanuyaLailai,12/4/2013,,NLSF2,1,Porites,2,SM,0,,,,,,H
NanuyaLailai,12/4/2013,,NLSF2,1,Millepora,10,SM,3,PD,,,,,PD
NanuyaLailai,12/4/2013,,NLSF2,1,Acropora,1,B,3,PD,,,,,PD
NanuyaLailai,12/4/2013,,NLSF2,1,Polyphyllia,2,S,0,,,,,,H
NanuyaLailai,12/4/2013,,NLSF2,1,Montipora,4,M ,4,"E, PD",,Eroded,,Partly dead and eroded,IG
NanuyaLailai,12/4/2013,,NLSF2,1,Montipora,1,SM,1,"B, PD",,Bleaching ,,Partly dead with mutlifocal bleaching and eroded,BL
NanuyaLailai,12/4/2013,,NLSF2,1,Porites,1,SM,3,PD,,,,,PD
NanuyaLailai,12/4/2013,,NLSF2,1,Acropora,1,B,1,B,,Bleaching ,,Whole colony bleached,BL
NanuyaLailai,12/4/2013,,NLSF2,1,Pocillopora,1,CC,1,"B,PD",,Bleaching ,,Partly dead and bleached,BL
NanuyaLailai,12/4/2013,,NLSF2,1,Millepora,1,B,3,PD,,,,,PD
NanuyaLailai,12/4/2013,,NLSF2,1,Acropora,4,T,0,,,,,,H
NanuyaLailai,12/4/2013,,NLSF2,1,Acropora,1,T,2,"GA, PD",Growth Anomalies ,,,Partly dead with GA,GA
NanuyaLailai,12/4/2013,,NLSF2,1,Porites,1,SM,3,PD,,,,,PD
NanuyaLailai,12/4/2013,,NLSF2,2,Acropora,12,T,0,,,,,,H
NanuyaLailai,12/4/2013,,NLSF2,2,Goniastrea,2,E,3,PD,,,,,PD
NanuyaLailai,12/4/2013,,NLSF2,2,Porites,2,SM,0,,,,,,H
NanuyaLailai,12/4/2013,,NLSF2,2,Acropora,1,T,1,B,,Bleaching ,,,BL
NanuyaLailai,12/4/2013,,NLSF2,2,Montipora,1,SM,2,GA,Growth Anomalies ,,,,GA
NanuyaLailai,12/4/2013,,NLSF2,2,Millepora,1,SM,3,PD,,,,,PD
NanuyaLailai,12/4/2013,,NLSF2,2,Acropora,1,T,1,"B, PD",,Bleaching ,,Partly dead and bleached ,BL
NanuyaLailai,12/4/2013,,NLSF2,2,Porites,1,E,3,PD,,,,,PD
NanuyaLailai,12/4/2013,,NLSF2,2,Porites,1,SM,1,"P, PD",,Predation,,Partly dead with signs of fish feeding,P
NanuyaLailai,12/4/2013,,NLSF2,2,Acropora,1,B,0,,,,,,H
NanuyaLailai,12/4/2013,,NLSF2,2,Favites,3,E,1,"B, PD",,Bleaching ,,Partly dead and bleached,BL
NanuyaLailai,12/4/2013,,NLSF2,2,Pocillopora,1,SM,1,"B, ",,Bleaching ,,Partly bleached ,BL
NanuyaLailai,12/4/2013,,NLSF2,2,Acropora,1,T,2,GA,,,,,GA
NanuyaLailai,12/4/2013,,NLSF2,2,Goniastrea,2,E,3,PD,,,,,PD
NanuyaLailai,12/4/2013,,NLSF2,2,Porites,1,SM,3,PD,,,,,PD
NanuyaLailai,12/4/2013,,NLSF2,2,Montastrea,1,M ,3,PD,,,,,PD
NanuyaLailai,12/4/2013,,NLSF2,2,Acropora,4,B,0,,,,,,H
NanuyaLailai,12/4/2013,,NLSF2,2,Porites,1,SM,1,"B, PD",,Bleaching ,,Partly dead and bleached ,BL
NanuyaLailai,12/4/2013,,NLSF2,2,Acropora,3,D,0,,,,,,H
NanuyaLailai,12/4/2013,,NLSF2,2,Porites,1,SM,1,"B, PD",,Bleaching ,,Partly dead and bleached ,BL
NanuyaLailai,12/4/2013,,NLSF2,2,Acropora,1,B,1,B,,Bleaching ,,,BL
NanuyaLailai,12/4/2013,,NLSF2,2,Acropora,1,T,1,B,,Bleaching ,,,BL
NanuyaLailai,12/4/2013,,NLSF2,2,Acropora,1,B,3,PD,,,,,PD
NanuyaLailai,12/4/2013,,NLSF2,2,Acropora,1,B,0,,,,,,H
NanuyaLailai,12/4/2013,,NLSF2,2,Fungia,1,S,0,,,,,,H
NanuyaLailai,12/4/2013,,NLSF2,2,Pavona,1,M ,0,,,,,,H
NanuyaLailai,12/4/2013,,NLSF2,2,Acropora,1,T,1,"B, PD",,Bleaching ,,Partly dead and bleached with few white branches,BL
NanuyaLailai,12/4/2013,,NLSF2,2,Porites,1,M ,3,PD,,,,,PD
NanuyaLailai,12/4/2013,,NLSF2,2,Millepora,5,SM,3,PD,,,,,PD
NanuyaLailai,12/4/2013,,NLSF2,2,Porites,1,M ,4,"E, PD",,Eroded,,Partly dead and eroded,IG
NanuyaLailai,12/4/2013,,NLSF2,2,Pavona,1,SM,3,PD,,,,,PD
NanuyaLailai,12/4/2013,,NLSF2,2,Montipora,1,SM,1,"UWSD, PD",Ulcerative White Spot Disease,,,Partly dead and bleached,UWS
NanuyaLailai,12/4/2013,,NLSF2,2,Acropora,13,T,0,,,,,,H
NanuyaLailai,12/4/2013,,NLSF2,2,Montipora,2,B,0,,,,,,H
NanuyaLailai,12/4/2013,,NLSF2,2,Porites,1,SM,1,UWSD,Ulcerative White Spot Disease,,,White spots on surface,UWS
NanuyaLailai,12/4/2013,,NLSF2,2,Millepora,1,B,3,PD,,,,,PD
NanuyaLailai,12/4/2013,,NLSF2,2,Diploastrea,1,SM,0,,,,,,H
NanuyaLailai,12/4/2013,,NLSF2,2,Pavona,1,SM,3,PD,,,,,PD
NanuyaLailai,12/4/2013,,NLSF2,2,Acropora,3,T,3,PD,,,,,PD
NanuyaLailai,12/4/2013,,NLSF2,2,Acropora,1,B,3,PD,,,,,PD
NanuyaLailai,12/4/2013,,NLSF2,2,Acropora,1,T,2,GA,Growth Anomalies ,,,,GA
NanuyaLailai,12/4/2013,,NLSF2,2,Pavona,1,SM,3,PD,,,,,PD
NanuyaLailai,12/4/2013,,NLSF2,2,Millepora,1,SM,3,PD,,,,,PD
NanuyaLailai,12/4/2013,,NLSF2,2,Isopora,1,SM,1,B,,Bleaching ,,,BL
NanuyaLailai,12/4/2013,,NLSF2,2,Acropora,1,D,0,,,,,,H
NanuyaLailai,12/4/2013,,NLSF2,2,Acropora,1,B,1,B,,Bleaching ,,Whole colony bleached ,BL
NanuyaLailai,12/4/2013,,NLSF2,2,Acropora,5,T,0,,,,,,H
NanuyaLailai,12/4/2013,,NLSF2,2,Acropora,7,B,0,,,,,,H
NanuyaLailai,12/4/2013,,NLSF2,2,Porites,2,SM,3,PD,,,,,PD
NanuyaLailai,12/4/2013,,NLSF2,2,Pavona,5,SM,3,PD,,,,,PD
NanuyaLailai,12/4/2013,,NLSF2,2,Montipora,1,SM,3,PD,,,,,PD
NanuyaLailai,12/4/2013,,NLSF2,2,Acropora,2,B,1,"B, PD",,Bleaching ,,Partly dead and bleached ,BL
NanuyaLailai,12/4/2013,,NLSF2,2,Mycedium,1,F,3,PD,,,,,PD
NanuyaLailai,12/4/2013,,NLSF2,2,Porites,1,SM,0,,,,,,H
NanuyaLailai,12/4/2013,,NLSF2,2,Favites,3,E,3,PD,,,,,PD
NanuyaLailai,12/4/2013,,NLSF2,2,Acropora,2,B,1,B,,Bleaching ,,,BL
NanuyaLailai,12/4/2013,,NLSF2,2,Porites,3,F,1,"USWD, PD",Ulcerative White Spot Disease,,,Partly dead with white spots on surface,UWS
NanuyaLailai,12/4/2013,,NLSF2,2,Montipora,2,F,0,,,,,,H
NanuyaLailai,12/4/2013,,NLSF2,2,Acropora,5,B,0,,,,,,H
NanuyaLailai,12/4/2013,,NLSF2,2,Oxypora,1,F,0,,,,,,H
NanuyaLailai,12/4/2013,,NLSF2,2,Pocillopora,1,CC,1,"B, PD",,Bleaching ,,Partly dead and bleached,BL
NanuyaLailai,12/4/2013,,NLSF2,2,Acropora,2,D,0,,,,,,H
NanuyaLailai,12/4/2013,,NLSF2,2,Acropora,2,B,0,,,,,,H
NanuyaLailai,12/4/2013,,NLSF2,2,Acropora,3,T,0,,,,,,H
NanuyaLailai,12/4/2013,,NLSF2,2,Acropora,1,B,1,B,,Bleaching ,,Whole colony bleached,BL
NanuyaLailai,12/4/2013,,NLSF2,2,Porites,1,E,0,,,,,,H
NanuyaLailai,12/4/2013,,NLSF2,2,Porites,1,SM,1,"WS, PD",White Syndrome,,,Partly dead with WS advancing from the base,WS
NanuyaLailai,12/4/2013,,NLSF2,2,Millepora,3,SM,3,PD,,,,,PD
NanuyaLailai,12/4/2013,,NLSF2,2,Acropora,1,B,1,B,,Bleaching ,,,BL
NanuyaLailai,12/4/2013,,NLSF2,2,Montipora,2,SM,3,PD,,,,,PD
NanuyaLailai,12/4/2013,,NLSF2,2,Pocillopora,1,CC,1,B,,Bleaching ,,,BL
NanuyaLailai,12/4/2013,,NLSF2,2,Acropora,6,B,0,,,,,,H
NanuyaLailai,12/4/2013,,NLSF2,2,Fungia,1,S,1,B,,Bleaching ,,Few white spots on surface,BL
NanuyaLailai,12/4/2013,,NLSF2,2,Acropora,1,T,0,,,,,,H
NanuyaLailai,12/4/2013,,NLSF2,2,Acropora,1,B,1,B,,Bleaching ,,Partly dead and bleached ,BL
NanuyaLailai,12/4/2013,,NLSF2,2,Pocillopora,1,SM,1,B,,Bleaching ,,,BL
NanuyaLailai,12/4/2013,,NLSF2,2,Merulina,1,F,3,PD,,,,,PD
NanuyaLailai,12/4/2013,,NLSF2,2,Stylophora,1,B,0,,,,,,H
NanuyaLailai,12/4/2013,,NLSF2,2,Porites,1,M ,3,PD,,,,,PD
NanuyaLailai,12/4/2013,,NLSF2,2,Acropora,1,B,1,B,,Bleaching ,,Partly bleached,BL
NanuyaLailai,12/4/2013,,NLSF2,2,Acropora,2,T,0,,,,,,H
NanuyaLailai,12/4/2013,,NLSF2,2,Acropora,1,T,1,B,,Bleaching ,,Partly bleached with few white spots ,BL
NanuyaLailai,12/4/2013,,NLSF2,2,Favites,1,SM,1,"B, ",,Bleaching ,,Partly bleached,BL
NanuyaLailai,12/4/2013,,NLSF2,2,Acropora,1,B,1,FB,,Focal Bleaching ,,White spots on some branches ,FB
NanuyaLailai,12/4/2013,,NLSF2,2,Acropora,2,T,3,PD,,,,,PD
NanuyaLailai,12/4/2013,,NLSF2,2,Acropora,7,T,0,,,,,,H
NanuyaLailai,12/4/2013,,NLSF2,2,Acropora,1,B,0,,,,,,H
NanuyaLailai,12/4/2013,,NLSF2,2,Montipora,2,SM,1,"UWSD, PD",Ulcerative White Spot Disease,,,Partly dead with white spots,UWS
NanuyaLailai,12/4/2013,,NLSF2,2,Pocillopora,1,CC,1,B,,Bleaching ,,,BL
NanuyaLailai,12/4/2013,,NLSF2,2,Porites,2,SM,3,PD,,,,,PD
NanuyaLailai,12/4/2013,,NLSF2,2,Acropora,2,D,0,,,,,,H
NanuyaLailai,12/4/2013,,NLSF2,2,Acropora,1,T,3,PD,,,,,PD
NanuyaLailai,12/4/2013,,NLSF2,2,Astreopora,1,SM,3,PD,,,,,PD
NanuyaLailai,12/4/2013,,NLSF2,2,Favites,6,SM,1,B,,Bleaching ,,,BL
NanuyaLailai,12/4/2013,,NLSF2,2,Diploastrea,1,E,3,PD,,,,,PD
NanuyaLailai,12/4/2013,,NLSF2,2,Astreopora,1,E,3,PD,,,,,PD
NanuyaLailai,12/4/2013,,NLSF2,2,Acropora,1,E,1,B,,Bleaching ,,,BL
NanuyaLailai,12/4/2013,,NLSF2,2,Acropora,1,B,0,,,,,,H
NanuyaLailai,12/4/2013,,NLSF2,2,Astreopora,1,SM,3,PD,,,,,PD
NanuyaLailai,12/4/2013,,NLSF2,2,Porites,1,SM,3,PD,,,,,PD
NanuyaLailai,12/4/2013,,NLSF2,2,Platygyra,2,SM,0,,,,,,H
NanuyaLailai,12/4/2013,,NLSF2,2,Porites,1,SM,1,"WS, PD",White Syndrome,,,Partly dead with white patch advancing from the base,WS
NanuyaLailai,12/4/2013,,NLSF2,2,Acropora,1,B,0,,,,,,H
NanuyaLailai,12/4/2013,,NLSF2,2,Pavona,1,SM,3,PD,,,,,PD
NanuyaLailai,12/4/2013,,NLSF2,2,Acropora,1,D,1,B,,Bleaching ,,,BL
NanuyaLailai,12/4/2013,,NLSF2,2,Porites,1,E,3,PD,,,,,PD
NanuyaLailai,12/4/2013,,NLSF2,2,Acropora,1,T,0,,,,,,H
NanuyaLailai,12/4/2013,,NLSF2,2,Acropora,1,D,0,,,,,,H
NanuyaLailai,12/4/2013,,NLSF2,2,Acropora,1,T,1,"B, PD",,Bleaching ,,Partly dead and bleached ,BL
NanuyaLailai,12/4/2013,,NLSF2,2,Cyphastrea,1,E,3,PD,,,,,PD
NanuyaLailai,12/4/2013,,NLSF2,2,Acropora,7,T,0,,,,,,H
NanuyaLailai,12/4/2013,,NLSF2,2,Acropora,3,B,0,,,,,,H
NanuyaLailai,12/4/2013,,NLSF2,2,Porites,2,SM,3,PD,,,,,PD
NanuyaLailai,12/4/2013,,NLSF2,2,Porites,1,F,3,PD,,,,,PD
NanuyaLailai,12/4/2013,,NLSF2,2,Acropora,1,B,3,PD,,,,,PD
NanuyaLailai,12/4/2013,,NLSF2,2,Montipora,1,F,0,,,,,,H
NanuyaLailai,12/4/2013,,NLSF2,2,Porites,1,SM,3,PD,,,,,PD
NanuyaLailai,12/4/2013,,NLSF2,2,Pavona,4,SM,3,PD,,,,,PD
NanuyaLailai,12/4/2013,,NLSF2,2,Acropora,1,D,3,PD,,,,,PD
NanuyaLailai,12/4/2013,,NLSF2,2,Acropora,1,B,1,B,,Bleaching ,,,BL
NanuyaLailai,12/4/2013,,NLSF2,2,Millepora,2,SM,3,PD,,,,,PD
NanuyaLailai,12/4/2013,,NLSF2,2,Acropora,2,T,0,,,,,,H
NanuyaLailai,12/4/2013,,NLSF2,2,Acropora,3,B,0,,,,,,H
NanuyaLailai,12/4/2013,,NLSF2,2,Montipora,1,E,3,PD,,,,,PD
NanuyaLailai,12/4/2013,,NLSF2,2,Porites,2,SM,4,"E, PD",,Eroded,,Partly dead and eroded,IG
NanuyaLailai,12/4/2013,,NLSF2,2,Porites,1,E,1,B,,Bleaching ,,,BL
NanuyaLailai,12/4/2013,,NLSF2,2,Acropora,20,T,0,,,,,,H
NanuyaLailai,12/4/2013,,NLSF2,2,Acropora,1,B,0,,,,,,H
NanuyaLailai,12/4/2013,,NLSF2,2,Montipora,1,F,3,PD,,,,,PD
NanuyaLailai,12/4/2013,,NLSF2,2,Pavona,1,SM,3,PD,,,,,PD
NanuyaLailai,12/4/2013,,NLSF2,2,Montipora,1,SM,0,,,,,,H
NanuyaLailai,12/4/2013,,NLSF2,2,Acropora,2,B,0,,,,,,H
NanuyaLailai,12/4/2013,,NLSF2,2,Acropora,1,D,0,,,,,,H
NanuyaLailai,12/4/2013,,NLSF2,2,Pocillopora,1,CC,1,B,,Bleaching ,,White patches on some branches,BL
NanuyaLailai,12/4/2013,,NLSF2,2,Acropora,1,D,0,,,,,,H
NanuyaLailai,12/4/2013,,NLSF2,2,Pocillopora,1,CC,0,,,,,,H
NanuyaLailai,12/4/2013,,NLSF2,2,Acropora,32,T,0,,,,,,H
NanuyaLailai,12/4/2013,,NLSF2,2,Acropora,1,T,3,PD,,,,,PD
NanuyaLailai,12/4/2013,,NLSF2,2,Acropora,3,T,2,GA,Growth Anomalies ,,,,GA
NanuyaLailai,12/4/2013,,NLSF2,2,Acropora,2,B,0,,,,,,H
NanuyaLailai,12/4/2013,,NLSF2,2,Porites,1,SM,3,PD,,,,,PD
NanuyaLailai,12/4/2013,,NLSF2,2,Favites,1,SM,1,B,,Bleaching ,,,BL
NanuyaLailai,12/4/2013,,NLSF2,2,Montipora,1,SM,3,PD,,,,,PD
NanuyaLailai,12/4/2013,,NLSF2,2,Diploastrea,1,E,3,PD,,,,,PD
NanuyaLailai,12/4/2013,,NLSF2,2,Acropora,1,B,1,B,Bleaching ,,,,BL
NanuyaLailai,12/4/2013,,NLSF2,2,Astreopora,1,SM,0,,,,,,H
NanuyaLailai,12/4/2013,,NLSF2,2,Montipora,2,SM,3,PD,,,,,PD
NanuyaLailai,12/4/2013,,NLSF2,2,Acropora,1,B,0,,,,,,H
NanuyaLailai,12/4/2013,,NLSF2,2,Porites,1,SM,3,PD,,,,,PD
NanuyaLailai,12/4/2013,,NLSF2,2,Psammocora,1,SM,2,PR,Pigmentation Response,,,,PR
NanuyaLailai,12/4/2013,,NLSF2,2,Pavona,1,SM,3,PD,,,,,PD
NanuyaLailai,12/4/2013,,NLSF2,2,Galaxea,1,E,0,,,,,,H
NanuyaLailai,12/4/2013,,NLSF2,2,Acropora,1,T,2,"GA, B",Growth Anomalies ,Bleaching ,,Partly bleached with GA,GA
NanuyaLailai,12/4/2013,,NLSF2,2,Porites,1,SM,3,PD,,,,,PD
NanuyaLailai,12/4/2013,,NLSF2,2,Diploastrea,2,M ,0,,,,,,H
NanuyaLailai,12/4/2013,,NLSF2,2,Pocillopora,1,CC,1,"B, PD",,Bleaching ,,Partly bleached and dead,BL
NanuyaLailai,12/4/2013,,NLSF2,2,Favites,1,E,1,"B, PD",,Bleaching ,,Partly bleached and dead,BL
NanuyaLailai,12/4/2013,,NLSF2,2,Montipora,1,F,0,,,,,,H
NanuyaLailai,12/4/2013,,NLSF2,2,Acropora,1,B,0,,,,,,H
NanuyaLailai,12/4/2013,,NLSF2,2,Acropora,1,D,0,,,,,,H
NanuyaLailai,12/4/2013,,NLSF2,2,Montipora,1,SM,4,"E, PD",,Eroded,,Partly dead and eroded,IG
NanuyaLailai,12/4/2013,,NLSF2,2,Acropora,1,T,2,GA,Growth Anomalies ,,,,GA
NanuyaLailai,12/4/2013,,NLSF2,2,Porites,1,SM,3,PD,,,,,PD
NanuyaLailai,12/4/2013,,NLSF2,2,Porites,1,SM,1,"B, ",,Bleaching ,,White patches caused by multifocal bleaching ,BL
NanuyaLailai,12/4/2013,,NLSF2,2,Porites,1,SM,1,"FB, PD",,Focal Bleaching ,,Partly dead with white spots on surface,FB
NanuyaLailai,12/4/2013,,NLSF2,2,Acropora,13,T,0,,,,,,H
NanuyaLailai,12/4/2013,,NLSF2,2,Porites,1,E,3,PD,,,,,PD
NanuyaLailai,12/4/2013,,NLSF2,2,Millepora,2,SM,3,PD,,,,,PD
NanuyaLailai,12/4/2013,,NLSF2,2,Acropora,12,T,0,,,,,,H
NanuyaLailai,12/4/2013,,NLSF2,2,Acropora,1,T,3,PD,,,,,PD
NanuyaLailai,12/4/2013,,NLSF2,2,Montipora,1,SM,3,PD,,,,,PD
NanuyaLailai,12/4/2013,,NLSF2,2,Porites,1,SM,0,,,,,,H
NanuyaLailai,12/4/2013,,NLSF2,2,Montipora,1,SM,1,"WS, E, PD",White Syndrome,Eroded,,"Partly dead, eroded with few white patches caused by WS",WS
NanuyaLailai,12/4/2013,,NLSF2,2,Acropora,1,D,0,,,,,,H
NanuyaLailai,12/4/2013,,NLSF2,2,Pocillopora,1,CC,0,,,,,,H
NanuyaLailai,12/4/2013,,NLSF2,2,Porites,1,SM,1,"FB, ",,Focal Bleaching ,,Partly dead with white spots ,FB
NanuyaLailai,12/4/2013,,NLSF2,2,Acropora,2,D,0,,,,,,H
NanuyaLailai,12/4/2013,,NLSF2,2,Acropora,1,B,0,,,,,,H
NanuyaLailai,12/4/2013,,NLSF2,2,Acropora,2,T,2,GA,Growth Anomalies ,,,,GA
NanuyaLailai,12/4/2013,,NLSF2,2,Diploastrea,1,M ,0,,,,,,H
NanuyaLailai,12/4/2013,,NLSF2,2,Porites,1,SM,3,PD,,,,,PD
NanuyaLailai,12/4/2013,,NLSF2,2,Acropora,3,T,2,GA,Growth Anomalies ,,,,GA
NanuyaLailai,12/4/2013,,NLSF2,2,Acropora,1,T,1,"B, PD",,Bleaching ,,Partly dead and bleached ,BL
NanuyaLailai,12/4/2013,,NLSF2,2,Acropora,7,B,0,,,,,,H
NanuyaLailai,12/4/2013,,NLSF2,2,Acropora,1,T,1,"P,PD",,Predation,,Partly dead with half a colony turned white ,P
NanuyaLailai,12/4/2013,,NLSF2,2,Porites,2,SM,3,PD,,,,,PD
NanuyaLailai,12/4/2013,,NLSF2,2,Millepora,1,SM,3,PD,,,,,PD
NanuyaLailai,12/4/2013,,NLSF2,2,Oxypora,1,F,0,,,,,,H
NanuyaLailai,12/4/2013,,NLSF2,2,Galaxea,1,E,0,,,,,,H
NanuyaLailai,12/4/2013,,NLSF2,2,Porites,1,M ,3,PD,,,,,PD
NanuyaLailai,12/4/2013,,NLSF2,2,Favites,6,E,3,PD,,,,,PD
NanuyaLailai,12/4/2013,,NLSF2,2,Favites,1,F,0,,,,,,H
NanuyaLailai,12/4/2013,,NLSF2,2,Diploastrea,2,E,3,PD,,,,,PD
NanuyaLailai,12/4/2013,,NLSF2,2,Acropora,2,T,0,,,,,,H
NanuyaLailai,12/4/2013,,NLSF2,2,Pocillopora,1,CC,0,,,,,,H
NanuyaLailai,12/4/2013,,NLSF2,2,Acropora,1,B,1,B,,Bleaching ,,Partly bleached with some pale branches,BL
NanuyaLailai,12/4/2013,,NLSF2,2,Porites,1,SM,0,,,,,,H
NanuyaLailai,12/4/2013,,NLSF2,2,Millepora,2,SM,3,PD,,,,,PD
NanuyaLailai,12/4/2013,,NLSF2,2,Acropora,1,B,1,B,,Bleaching ,,Partly bleached,BL
NanuyaLailai,12/4/2013,,NLSF2,2,Acropora,1,D,0,,,,,,H
NanuyaLailai,12/4/2013,,NLSF2,2,Pocillopora,1,CC,1,"B,",,Bleaching ,,Partly bleached,BL
NanuyaLailai,12/4/2013,,NLSF2,2,Acropora,1,B,1,B,,Bleaching ,,Whole colony bleached,BL
NanuyaLailai,12/4/2013,,NLSF2,2,Merulina,1,F,3,PD,,,,,PD
NanuyaLailai,12/4/2013,,NLSF2,2,Porites,1,SM,3,PD,,,,,PD
NanuyaLailai,12/4/2013,,NLSF2,2,Acropora,1,D,3,PD,,,,,PD
NanuyaLailai,12/4/2013,,NLSF2,2,Montipora,1,SM,1,"B, E, PD",,Bleaching ,Eroded,"Partly dead, bleached and eroded",BL
NanuyaLailai,12/4/2013,,NLSF2,2,Pavona,1,SM,3,PD,,,,,PD
NanuyaLailai,12/4/2013,,NLSF2,2,Porites,1,E,1,"B, ",,Bleaching ,,,BL
NanuyaLailai,12/4/2013,,NLSF2,2,Acropora,6,T,0,,,,,,H
NanuyaLailai,12/4/2013,,NLSF2,2,Favites,1,E,0,,,,,,H
NanuyaLailai,12/4/2013,,NLSF2,2,Acropora,2,B,1,"B, PD",,Bleaching ,,Partly dead and bleached,BL
NanuyaLailai,12/4/2013,,NLSF2,2,Leptastrea,1,E,1,"B, PD",,Bleaching ,,Partly dead and bleached,BL
NanuyaLailai,12/4/2013,,NLSF2,2,Montipora,1,SM,3,PD,,,,,PD
NanuyaLailai,12/4/2013,,NLSF2,2,Acropora,2,B,3,PD,,,,,PD
NanuyaLailai,12/4/2013,,NLSF2,2,Porites,2,E,3,PD,,,,,PD
NanuyaLailai,12/4/2013,,NLSF2,2,Porites,2,SM,0,,,,,,H
NanuyaLailai,12/4/2013,,NLSF2,2,Acropora,2,T,0,,,,,,H
NanuyaLailai,12/4/2013,,NLSF2,2,Fungia,1,S,1,UWSD,Ulcerative White Spot Disease,,,White spots on surface,UWS
NanuyaLailai,12/4/2013,,NLSF2,2,Porites,1,E,0,,,,,,H
NanuyaLailai,12/4/2013,,NLSF2,2,Porites,1,SM,4,E,,Eroded,,,IG
NanuyaLailai,12/4/2013,,NLSF2,2,Favites,1,E,0,,,,,,H
NanuyaLailai,12/4/2013,,NLSF2,2,Favites,1,M ,0,,,,,,H
NanuyaLailai,12/4/2013,,NLSF2,2,Porites,4,E,3,PD,,,,,PD
NanuyaLailai,12/4/2013,,NLSF2,2,Diploastrea,1,E,0,,,,,,H
NanuyaLailai,12/4/2013,,NLSF2,2,Acropora,19,T,0,,,,,,H
NanuyaLailai,12/4/2013,,NLSF2,2,Porites,2,SM,1,"B, ",,Bleaching ,,White patch on near edge,BL
NanuyaLailai,12/4/2013,,NLSF2,2,Acropora,9,B,0,,,,,,H
NanuyaLailai,12/4/2013,,NLSF2,2,Diploastrea,1,M ,3,PD,,,,,PD
NanuyaLailai,12/4/2013,,NLSF2,2,Acropora,1,T,2,"GA, PD",Growth Anomalies ,,,Partly dead with abnormal growth ,GA
NanuyaLailai,12/4/2013,,NLSF2,2,Montipora,1,F,0,,,,,,H
NanuyaLailai,12/4/2013,,NLSF2,2,Lobophyllia,1,M ,0,,,,,,H
NanuyaLailai,12/4/2013,,NLSF2,2,Favites,1,E,0,,,,,,H
NanuyaLailai,12/4/2013,,NLSF2,2,Porites,4,SM,3,PD,,,,,PD
NanuyaLailai,12/4/2013,,NLSF2,2,Acropora,2,B,0,,,,,,H
NanuyaLailai,12/4/2013,,NLSF2,2,Favia,1,SM,0,,,,,,H
NanuyaLailai,12/4/2013,,NLSF2,2,Montipora,1,SM,3,PD,,,,,PD
NanuyaLailai,12/4/2013,,NLSF2,2,Porites,2,SM,3,PD,,,,,PD
NanuyaLailai,12/4/2013,,NLSF2,2,Favites,1,E,1,"B, PD",,Bleaching ,,Partly dead and bleached,BL
NanuyaLailai,12/4/2013,,NLSF2,2,Acropora,1,D,1,B,,Bleaching ,,Partly bleached,BL
NanuyaLailai,12/4/2013,,NLSF2,2,Acropora,1,B,1,B,,Bleaching ,,Partly bleached,BL
NanuyaLailai,12/4/2013,,NLSF2,2,Platygyra,1,SM,1,"B, PD",,Bleaching ,,Partly dead and bleached,BL
NanuyaLailai,12/4/2013,,NLSF2,2,Acropora,3,B,0,,,,,,H
NanuyaLailai,12/4/2013,,NLSF2,2,Millepora,2,SM,3,PD,,,,,PD
NanuyaLailai,12/4/2013,,NLSF2,2,Acropora,3,D,0,,,,,,H
NanuyaLailai,12/4/2013,,NLSF2,2,Porites,1,E,3,PD,,,,,PD
NanuyaLailai,12/4/2013,,NLSF2,2,Cyphastrea,1,E,3,PD,,,,,PD
NanuyaLailai,12/4/2013,,NLSF2,2,Porites,1,SM,1,"B, ",,Bleaching ,,White patches caused by mutlifocal Bleaching ,BL
NanuyaLailai,12/4/2013,,NLSF2,2,Acropora,3,T,0,,,,,,H
NanuyaLailai,12/4/2013,,NLSF2,2,Acropora,2,T,2,GA,Growth Anomalies ,,,,GA
NanuyaLailai,12/4/2013,,NLSF2,2,Acropora,1,T,1,"B, PD",,Bleaching ,,Partly dead and bleached,BL
NanuyaLailai,12/4/2013,,NLSF2,2,Favites,2,SM,0,,,,,,H
NanuyaLailai,12/4/2013,,NLSF2,2,Porites,1,SM,1,"B, PD",,Bleaching ,,Partly dead with thin white lines near dead tissue potentially caused by bacterial or algal infection,BL
NanuyaLailai,12/4/2013,,NLSF2,2,Acropora,5,T,0,,,,,,H
NanuyaLailai,12/4/2013,,NLSF2,2,Acropora,1,D,0,,,,,,H
NanuyaLailai,12/4/2013,,NLSF2,2,Goniastrea,1,E,1,"B, PD",,Bleaching ,,Partly dead and bleached,BL
NanuyaLailai,12/4/2013,,NLSF2,2,Acanthastrea,1,E,0,,,,,,H
NanuyaLailai,12/4/2013,,NLSF2,2,Pavona,2,SM,4,"E, PD",,Eroded,,Partly dead and eroded,IG
NanuyaLailai,12/4/2013,,NLSF2,2,Pavona,1,SM,3,PD,,Eroded,,Partly dead and eroded,PD
NanuyaLailai,12/4/2013,,NLSF2,2,Porites,1,E,3,PD,,,,,PD
NanuyaLailai,12/4/2013,,NLSF2,2,Porites,1,M ,0,,,,,,H
NanuyaLailai,12/4/2013,,NLSF2,2,Acropora,1,B,1,"B,",,Bleaching ,,Partly bleached ,BL
NanuyaLailai,12/4/2013,,NLSF2,2,Stylophora,2,B,1,B,,Bleaching ,,,BL
NanuyaLailai,12/4/2013,,NLSF2,2,Acropora,11,B,0,,,,,,H
NanuyaLailai,12/4/2013,,NLSF2,2,Porites,3,E,1,UWSD,Ulcerative White Spot Disease,,,White spots ,UWS
NanuyaLailai,12/4/2013,,NLSF2,2,Galaxea,1,E,0,,,,,,H
NanuyaLailai,12/4/2013,,NLSF2,2,Montipora,1,E,3,PD,,,,,PD
NanuyaLailai,12/4/2013,,NLSF2,2,Montipora,1,F,1,"FB, PD",,Focal Bleaching ,,Partly dead with white spots,FB
NanuyaLailai,12/4/2013,,NLSF2,2,Acropora,6,T,0,,,,,,H
NanuyaLailai,12/4/2013,,NLSF2,2,Acropora,1,T,3,PD,,,,,PD
NanuyaLailai,12/4/2013,,NLSF2,2,Pocillopora,1,CC,1,B,,Bleaching ,,Partly bleached,BL
NanuyaLailai,12/4/2013,,NLSF2,2,Acropora,11,B,0,,,,,,H
NanuyaLailai,12/4/2013,,NLSF2,2,Diploastrea,1,E,0,,,,,,H
NanuyaLailai,12/4/2013,,NLSF2,2,Cyphastrea,1,SM,3,PD,,,,,PD
NanuyaLailai,12/4/2013,,NLSF2,2,Platygyra,1,E,0,,,,,,H
NanuyaLailai,12/4/2013,,NLSF2,2,Merulina,1,F,0,,,,,,H
NanuyaLailai,12/4/2013,,NLSF2,2,Acropora,1,T,3,PD,,,,,PD
NanuyaLailai,12/4/2013,,NLSF2,2,Porites,1,SM,4,E,,Eroded,,Partly eroded,IG
NanuyaLailai,12/4/2013,,NLSF2,2,Favites,1,SM,3,PD,,,,,PD
NanuyaLailai,12/4/2013,,NLSF2,2,Porites,1,SM,3,PD,,,,,PD
NanuyaLailai,12/4/2013,,NLSF2,2,Acropora,1,B,1,B,,Bleaching ,,Partly bleached,BL
NanuyaLailai,12/4/2013,,NLSF2,2,Pavona,2,SM,3,PD,,,,,PD
NanuyaLailai,12/4/2013,,NLSF2,2,Millepora,2,SM,3,PD,,,,,PD
NanuyaLailai,12/4/2013,,NLSF2,2,Montipora,1,E,3,PD,,,,,PD
NanuyaLailai,12/4/2013,,NLSF2,2,Favites,1,E,1,"B, PD",,Bleaching ,,Partly dead and bleached,BL
NanuyaLailai,12/4/2013,,NLSF2,2,Porites,1,M ,0,,,,,,H
NanuyaLailai,12/4/2013,,NLSF2,2,Pavona,1,F,0,,,,,,H
NanuyaLailai,12/4/2013,,NLSF2,2,Montipora,1,SM,1,UWSD,Ulcerative White Spot Disease,,,White spots on surface,UWS
NanuyaLailai,12/4/2013,,NLSF2,2,Porites,2,E,1,UWSD,Ulcerative White Spot Disease,,,White spots on surface,UWS
NanuyaLailai,12/4/2013,,NLSF2,2,Acropora,1,B,3,PD,,,,,PD
NanuyaLailai,12/4/2013,,NLSF2,2,Goniastrea,1,SM,1,UWSD,Ulcerative White Spot Disease,,,White spots,UWS
NanuyaLailai,12/4/2013,,NLSF2,2,Montipora,1,SM,3,PD,,,,,PD
NanuyaLailai,12/4/2013,,NLSF2,2,Diploastrea,1,E,0,,,,,,H
NanuyaLailai,12/4/2013,,NLSF2,2,Acropora,1,B,1,"B, PD",,Bleaching ,,Partly dead and bleached,BL
NanuyaLailai,12/4/2013,,NLSF2,2,Montipora,1,E,0,,,,,,H
NanuyaLailai,12/4/2013,,NLSF2,2,Favites,1,E,1,B,,Bleaching ,,,BL
NanuyaLailai,12/4/2013,,NLSF2,2,Pavona,1,SM,3,PD,,,,,PD
NanuyaLailai,12/4/2013,,NLSF2,2,Montipora,2,SM,3,PD,,,,,PD
NanuyaLailai,12/4/2013,,NLSF2,2,Cyphastrea,1,SM,3,PD,,,,,PD
NanuyaLailai,12/4/2013,,NLSF2,2,Acropora,1,T,1,"B, PD",,Bleaching ,,Partly dead with some branches bleached,BL
NanuyaLailai,12/4/2013,,NLSF2,2,Millepora,1,SM,3,PD,,,,,PD
NanuyaLailai,12/4/2013,,NLSF2,2,Pocillopora,1,CC,1,B,,Bleaching ,,,BL
NanuyaLailai,12/4/2013,,NLSF2,2,Acropora,1,B,0,,,,,,H
NanuyaLailai,12/4/2013,,NLSF2,2,Acropora,14,T,0,,,,,,H
NanuyaLailai,12/4/2013,,NLSF2,2,Acropora,1,B,1,B,,Bleaching ,,Partly bleached,BL
NanuyaLailai,12/4/2013,,NLSF2,2,Montipora,1,F,0,,,,,,H
NanuyaLailai,12/4/2013,,NLSF2,2,Porites,1,SM,1,"B,",,Bleaching ,,One huge white patch near growth edge,BL
NanuyaLailai,12/4/2013,,NLSF2,2,Acropora,2,D,0,,,,,,H
NanuyaLailai,12/4/2013,,NLSF2,2,Porites,1,M ,3,PD,,,,,PD
NanuyaLailai,12/4/2013,,NLSF2,2,Montipora,1,B,0,,,,,,H
NanuyaLailai,12/4/2013,,NLSF2,2,Acropora,2,E,0,,,,,,H
NanuyaLailai,12/4/2013,,NLSF2,2,Acropora,1,B,0,,,,,,H
NanuyaLailai,12/4/2013,,NLSF2,2,Porites,1,E,1,B,,Bleaching ,,,BL
NanuyaLailai,12/4/2013,,NLSF2,2,Montipora,1,SM,1,"B, PD",,Bleaching ,,Partly dead and bleached,BL
NanuyaLailai,12/4/2013,,NLSF2,2,Montipora,1,SM,1,"B, E, PD",,Bleaching ,Eroded,"Partly dead, eroded and bleached",BL
NanuyaLailai,12/4/2013,,NLSF2,2,Acropora,1,D,0,,,,,,H
NanuyaLailai,12/4/2013,,NLSF2,2,Platygyra,1,E,0,,,,,,H
NanuyaLailai,12/4/2013,,NLSF2,2,Pocillopora,1,CC,2,"GA, B",Growth Anomalies ,Bleaching ,,,GA
NanuyaLailai,12/4/2013,,NLSF2,2,Acropora,2,T,0,,,,,,H
NanuyaLailai,12/4/2013,,NLSF2,2,Acropora,1,T,1,B,,Bleaching ,,,BL
NanuyaLailai,12/4/2013,,NLSF2,2,Porites,1,B,0,,,,,,H
NanuyaLailai,12/4/2013,,NLSF2,2,Acropora,1,T,1,"B, PD",,Bleaching ,,Partly bleached and dead,BL
NanuyaLailai,12/4/2013,,NLSF2,2,Favia,2,M ,0,,,,,,H
NanuyaLailai,12/4/2013,,NLSF2,2,Montipora,1,SM,1,B,,Bleaching ,,,BL
NanuyaLailai,12/4/2013,,NLSF2,2,Pavona,1,SM,3,PD,,,,,PD
NanuyaLailai,12/4/2013,,NLSF2,2,Montipora,1,SM,3,PD,,,,,PD
NanuyaLailai,12/4/2013,,NLSF2,2,Acropora,2,B,1,B,,Bleaching ,,,BL
NanuyaLailai,12/4/2013,,NLSF2,2,Acropora,8,B,0,,,,,,H
NanuyaLailai,12/4/2013,,NLSF2,2,Acropora,11,T,0,,,,,,H
NanuyaLailai,12/4/2013,,NLSF2,2,Goniastrea,1,E,3,PD,,,,,PD
NanuyaLailai,12/4/2013,,NLSF2,2,Pavona,1,E,0,,,,,,H
NanuyaLailai,12/4/2013,,NLSF2,2,Acropora,1,T,1,B,,Bleaching ,,Partly bleached ,BL
NanuyaLailai,12/4/2013,,NLSF2,2,Acropora,2,E,0,,,,,,H
NanuyaLailai,12/4/2013,,NLSF2,2,Porites,1,E,0,,,,,,H
NanuyaLailai,12/4/2013,,NLSF2,2,Montipora,1,SM,3,PD,,,,,PD
NanuyaLailai,12/4/2013,,NLSF2,2,Cyphastrea,1,SM,3,PD,,,,,PD
NanuyaLailai,12/4/2013,,NLSF2,2,Pavona,1,SM,4,"E, PD",,Eroded,,Partly dead and eroded,IG
NanuyaLailai,12/4/2013,,NLSF2,2,Acropora,4,B,0,,,,,,H
NanuyaLailai,12/4/2013,,NLSF2,2,Diploastrea,1,SM,3,PD,,,,,PD
NanuyaLailai,12/4/2013,,NLSF2,2,Montipora,1,SM,1,UWSD,Ulcerative White Spot Disease,,,White spots on surface,UWS
NanuyaLailai,12/4/2013,,NLSF2,2,Mycedium,1,F,0,,,,,,H
NanuyaLailai,12/4/2013,,NLSF2,2,Acropora,1,T,2,"GA, B",,Bleaching ,,GA with multifocal Bleaching ,GA
NanuyaLailai,12/4/2013,,NLSF2,2,Acropora,3,B,0,,,,,,H
NanuyaLailai,12/4/2013,,NLSF2,2,Montipora,2,SM,0,,,,,,H
NanuyaLailai,12/4/2013,,NLSF2,2,Acropora,2,B,3,PD,,,,,PD
NanuyaLailai,12/4/2013,,NLSF2,2,Favites,1,E,3,PD,,,,,PD
NanuyaLailai,12/4/2013,,NLSF2,2,Stylophora,1,B,1,B,,Bleaching ,,White patch caused by multifocal bleaching ,BL
NanuyaLailai,12/4/2013,,NLSF2,2,Oxypora,1,F,0,,,,,,H
NanuyaLailai,12/4/2013,,NLSF2,2,Acropora,1,B,0,,,,,,H
NanuyaLailai,12/4/2013,,NLSF2,2,Porites,1,SM,1,"FB, PD",,Focal Bleaching ,,Partly dead with white spots,FB
NanuyaLailai,12/4/2013,,NLSF2,2,Goniastrea,2,SM,0,,,,,,H
NanuyaLailai,12/4/2013,,NLSF2,2,Cyphastrea,1,SM,3,PD,,,,,PD
NanuyaLailai,12/4/2013,,NLSF2,2,Acropora,1,T,1,"WS, PD",White Syndrome,,,Partly dead with white band in the center,WS
NanuyaLailai,12/4/2013,,NLSF2,2,Favites,1,SM,3,PD,,,,,PD
NanuyaLailai,12/4/2013,,NLSF2,2,Acropora,1,B,0,,,,,,H
NanuyaLailai,12/4/2013,,NLSF2,2,Acropora,1,T,0,,,,,,H
NanuyaLailai,12/4/2013,,NLSF2,2,Diploastrea,1,SM,3,PD,,,,,PD
NanuyaLailai,12/4/2013,,NLSF2,2,Acropora,1,B,1,"B, ",,Bleaching ,,Partly bleached,BL
NanuyaLailai,12/4/2013,,NLSF2,2,Diploastrea,1,E,2,ESE,Enlarged Skeletal Elements,,,,Others
NanuyaLailai,12/4/2013,,NLSF2,2,Acropora,1,T,0,,,,,,H
NanuyaLailai,12/4/2013,,NLSF2,2,Porites,1,SM,0,,,,,,H
NanuyaLailai,12/4/2013,,NLSF2,2,Acropora,3,B,0,,,,,,H
NanuyaLailai,12/4/2013,,NLSF2,2,Merulina,1,F,0,,,,,,H
NanuyaLailai,12/4/2013,,NLSF2,2,Pachyseris,1,F,1,"WS, E, PD",White Syndrome,Eroded,,Partly dead with white spots and eroded,WS
NanuyaLailai,12/4/2013,,NLSF2,2,Acropora,1,D,0,,,,,,H
NanuyaLailai,12/4/2013,,NLSF2,2,Acropora,2,B,3,PD,,,,,PD
NanuyaLailai,12/4/2013,,NLSF2,2,Acropora,1,T,0,,,,,,H
NanuyaLailai,12/4/2013,,NLSF2,2,Pavona,1,SM,0,,,,,,H
NanuyaLailai,12/4/2013,,NLSF2,2,Mycedium,1,F,0,,,,,,H
NanuyaLailai,12/4/2013,,NLSF2,2,Acropora,16,T,0,,,,,,H
NanuyaLailai,12/4/2013,,NLSF2,2,Acropora,1,T,3,PD,,,,,PD
NanuyaLailai,12/4/2013,,NLSF2,2,Acropora,1,T,2,"GA, ",Growth Anomalies ,,,,GA
NanuyaLailai,12/4/2013,,NLSF2,2,Diploastrea,1,M ,0,,,,,,H
NanuyaLailai,12/4/2013,,NLSF2,2,Montipora,1,SM,1,"USWD, PD",Ulcerative White Spot Disease,,,Partly dead with white spot,UWS
NanuyaLailai,12/4/2013,,NLSF2,2,Porites,1,SM,1,"USWD, PD",Ulcerative White Spot Disease,,,Partly dead with white spots,UWS
NanuyaLailai,12/4/2013,,NLSF2,2,Favites,1,E,1,"B, PD",,Bleaching ,,Partly dead with white patches,BL
NanuyaLailai,12/4/2013,,NLSF2,2,Millepora,1,M ,3,PD,,,,,PD
NanuyaLailai,12/4/2013,,NLSF2,2,Porites,1,SM,3,PD,,,,,PD
NanuyaLailai,12/4/2013,,NLSF2,2,Acropora,1,T,3,PD,,,,,PD
NanuyaLailai,12/4/2013,,NLSF2,2,Acropora,1,D,0,,,,,,H
NanuyaLailai,12/4/2013,,NLSF2,2,Millepora,1,SM,0,,,,,,H
NanuyaLailai,12/4/2013,,NLSF2,2,Montipora,1,SM,0,,,,,,H
NanuyaLailai,12/4/2013,,NLSF2,2,Acropora,1,T,3,PD,,,,,PD
NanuyaLailai,12/4/2013,,NLSF2,2,Porites,1,SM,1,FB,,Focal Bleaching ,,White spots on surface,FB
NanuyaLailai,12/4/2013,,NLSF2,2,Acropora,2,B,0,,,,,,H
NanuyaLailai,12/4/2013,,NLSF2,2,Acropora,1,B,1,"B, PD",,Bleaching ,,Partly bleached and dead,BL
NanuyaLailai,12/4/2013,,NLSF2,2,Oxypora,1,F,1,B,,Bleaching ,,Mutlifocal bleaching shown by white patch,BL
NanuyaLailai,12/4/2013,,NLSF2,2,Acropora,1,T,1,B,,Bleaching ,,,BL
NanuyaLailai,12/4/2013,,NLSF2,2,Acropora,2,D,3,PD,,,,,PD
NanuyaLailai,12/4/2013,,NLSF2,2,Acropora,1,B,0,,,,,,H
NanuyaLailai,12/4/2013,,NLSF2,2,Acropora,1,B,1,B,,Bleaching ,,,BL
NanuyaLailai,12/4/2013,,NLSF2,2,Porites,1,M ,0,,,,,,H
NanuyaLailai,12/4/2013,,NLSF2,2,Porites,1,SM,1,"B, PD",,Bleaching ,,Few white patches on surface,BL
NanuyaLailai,12/4/2013,,NLSF2,2,Diploastrea,1,M ,0,,,,,,H
NanuyaLailai,12/4/2013,,NLSF2,2,Diploastrea,1,SM,3,PD,,,,,PD
NanuyaLailai,12/4/2013,,NLSF2,2,Montipora,1,SM,2,"PR, PD",Pigmentation Response,,,Partly dead with pink patches on surface,PR
NanuyaLailai,12/4/2013,,NLSF2,2,Mycedium,1,F,0,,,,,,H
NanuyaLailai,12/4/2013,,NLSF2,2,Pavona,1,SM,3,PD,,,,,PD
NanuyaLailai,12/4/2013,,NLSF2,2,Acropora,1,B,1,B,,Bleaching ,,Colony partly bleached ,BL
NanuyaLailai,12/4/2013,,NLSF2,2,Acropora,1,B,0,,,,,,H
NanuyaLailai,12/4/2013,,NLSF2,2,Favites,4,E,1,"B, PD",,Bleaching ,,Partly bleached and Dead,BL
NanuyaLailai,12/4/2013,,NLSF2,2,Montipora,1,SM,1,"UWSD, PD",Ulcerative White Spot Disease,,,Partly dead with white spots,UWS
NanuyaLailai,12/4/2013,,NLSF2,2,Montipora,1,F,1,"WS, PD",White Syndrome,,,Partly dead with white band advancing from one end,WS
NanuyaLailai,12/4/2013,,NLSF2,2,Acropora,4,B,0,,,,,,H
NanuyaLailai,12/4/2013,,NLSF2,2,Favites,1,E,0,,,,,,H
NanuyaLailai,12/4/2013,,NLSF2,2,Acropora,5,T,0,,,,,,H
NanuyaLailai,12/4/2013,,NLSF2,2,Acropora,1,T,1,B,,Bleaching ,,,BL
NanuyaLailai,12/4/2013,,NLSF2,2,Pavona,1,SM,3,PD,,,,,PD
NanuyaLailai,12/4/2013,,NLSF2,2,Acropora,1,T,3,PD,,,,,PD
NanuyaLailai,12/4/2013,,NLSF2,2,Acropora,2,B,1,B,,Bleaching ,,Partly bleached,BL
NanuyaLailai,12/4/2013,,NLSF2,2,Oxypora,1,F,0,,,,,,H
NanuyaLailai,12/4/2013,,NLSF2,2,Montipora,1,SM,3,PD,,,,,PD
NanuyaLailai,12/4/2013,,NLSF2,2,Acropora,2,T,0,,,,,,H
NanuyaLailai,12/4/2013,,NLSF2,2,Acropora,1,B,1,B,,Bleaching ,,Partly bleached ,BL
NanuyaLailai,12/4/2013,,NLSF2,2,Porites,1,SM,1,UWSD,Ulcerative White Spot Disease,,,White and pink spots on surface,UWS
NanuyaLailai,12/4/2013,,NLSF2,2,Pachyseris,1,F,1,"P, PD",,Predation,,White patch of dead tissue,P
NanuyaLailai,12/4/2013,,NLSF2,2,Pachyseris,3,F,0,,,,,,H
NanuyaLailai,12/4/2013,,NLSF2,2,Porites,1,SM,4,E,,Eroded,,,IG
NanuyaLailai,12/4/2013,,NLSF2,2,Favites,3,SM,0,,,,,,H
NanuyaLailai,12/4/2013,,NLSF2,2,Porites,5,SM,3,PD,,,,,PD
NanuyaLailai,12/4/2013,,NLSF2,2,Acropora,2,B,0,,,,,,H
NanuyaLailai,12/4/2013,,NLSF2,2,Acropora,1,T,0,,,,,,H
NanuyaLailai,12/4/2013,,NLSF2,2,Montipora,1,SM,0,,,,,,H
NanuyaLailai,12/4/2013,,NLSF2,2,Acropora,2,D,0,,,,,,H
NanuyaLailai,12/4/2013,,NLSF2,2,Porites,1,E,1,B,,Bleaching ,,,BL
NanuyaLailai,12/4/2013,,NLSF2,2,Acropora,2,B,0,,,,,,H
NanuyaLailai,12/4/2013,,NLSF2,2,Mycedium,1,F,0,,,,,,H
NanuyaLailai,12/4/2013,,NLSF2,2,Porites,4,SM,3,PD,,,,,PD
NanuyaLailai,12/4/2013,,NLSF2,2,Porites,1,E,1,UWSD,Ulcerative White Spot Disease,,,White spots on surface,UWS
NanuyaLailai,12/4/2013,,NLSF2,2,Acropora,6,T,0,,,,,,H
NanuyaLailai,12/4/2013,,NLSF2,2,Porites,1,SM,3,PD,,,,,PD
NanuyaLailai,12/4/2013,,NLSF2,2,Porites,1,M ,1,B,,Bleaching ,,,BL
NanuyaLailai,12/4/2013,,NLSF2,2,Pavona,1,E,0,,,,,,H
NanuyaLailai,12/4/2013,,NLSF2,2,Acropora,1,D,0,,,,,,H
NanuyaLailai,12/4/2013,,NLSF2,2,Acropora,3,B,0,,,,,,H
NanuyaLailai,12/4/2013,,NLSF2,2,Millepora,1,SM,3,PD,,,,,PD
NanuyaLailai,12/4/2013,,NLSF2,2,Acropora,1,T,3,PD,,,,,PD
NanuyaLailai,12/4/2013,,NLSF2,2,Acropora,1,T,2,GA,Growth Anomalies ,,,,GA
NanuyaLailai,12/4/2013,,NLSF2,3,Acropora,36,T,0,,,,,,H
NanuyaLailai,12/4/2013,,NLSF2,3,Acropora,1,B,1,"B, PD",,Bleaching ,,Partly bleached and dead,BL
NanuyaLailai,12/4/2013,,NLSF2,3,Favites,2,SM,0,,,,,,H
NanuyaLailai,12/4/2013,,NLSF2,3,Favites,2,E,0,,,,,,H
NanuyaLailai,12/4/2013,,NLSF2,3,Acropora,7,B,0,,,,,,H
NanuyaLailai,12/4/2013,,NLSF2,3,Cyphastrea,1,SM,1,"B, PD",,Bleaching ,,Partly dead with few white patches caused by mutlifocal bleaching ,BL
NanuyaLailai,12/4/2013,,NLSF2,3,Acropora,2,B,1,B,,Bleaching ,,Partly bleached,BL
NanuyaLailai,12/4/2013,,NLSF2,3,Acropora,2,D,0,,,,,,H
NanuyaLailai,12/4/2013,,NLSF2,3,Porites,3,SM,3,PD,,,,,PD
NanuyaLailai,12/4/2013,,NLSF2,3,Favites,2,M ,3,PD,,,,,PD
NanuyaLailai,12/4/2013,,NLSF2,3,Favia,1,E,3,PD,,,,,PD
NanuyaLailai,12/4/2013,,NLSF2,3,Porites,1,E,1,"B, PD",,Bleaching ,,Partly dead with few white patches caused by multifocal bleaching ,BL
NanuyaLailai,12/4/2013,,NLSF2,3,Porites,1,E,1,"FB, PD",,Focal Bleaching ,,Partly dead with white spots,FB
NanuyaLailai,12/4/2013,,NLSF2,3,Leptoria,1,E,0,,,,,,H
NanuyaLailai,12/4/2013,,NLSF2,3,Montipora,2,E,0,,,,,,H
NanuyaLailai,12/4/2013,,NLSF2,3,Fungia,1,S,1,B,,Bleaching ,,Few white patches on surface caused by multifocal bleaching ,BL
NanuyaLailai,12/4/2013,,NLSF2,3,Acropora,2,T,3,PD,,,,,PD
NanuyaLailai,12/4/2013,,NLSF2,3,Millepora,6,SM,3,PD,,,,,PD
NanuyaLailai,12/4/2013,,NLSF2,3,Galaxea,1,E,0,,,,,,H
NanuyaLailai,12/4/2013,,NLSF2,3,Pavona,1,E,1,FB,,Focal Bleaching ,,Few white spots on surface,FB
NanuyaLailai,12/4/2013,,NLSF2,3,Porites,1,E,1,"B, PD",,Bleaching ,,Partly bleaching and dead,BL
NanuyaLailai,12/4/2013,,NLSF2,3,Porites,1,F,0,,,,,,H
NanuyaLailai,12/4/2013,,NLSF2,3,Fungia,1,S,0,,,,,,H
NanuyaLailai,12/4/2013,,NLSF2,3,Porites,1,E,3,PD,,,,,PD
NanuyaLailai,12/4/2013,,NLSF2,3,Diploastrea,1,M ,0,,,,,,H
NanuyaLailai,12/4/2013,,NLSF2,3,Acropora,1,B,1,"P, PD",,Predation,,Partly dead colony with white patches ,P
NanuyaLailai,12/4/2013,,NLSF2,3,Acropora,1,B,0,,,,,,H
NanuyaLailai,12/4/2013,,NLSF2,3,Pachyseris,1,F,0,,,,,,H
NanuyaLailai,12/4/2013,,NLSF2,3,Pocillopora,1,CC,1,"B, PD",,Bleaching ,,Partly dead and bleached,BL
NanuyaLailai,12/4/2013,,NLSF2,3,Porites,1,SM,3,PD,,,,,PD
NanuyaLailai,12/4/2013,,NLSF2,3,Montipora,1,SM,1,"B, PD",,Bleaching ,,Partly dead and bleached ,BL
NanuyaLailai,12/4/2013,,NLSF2,3,Porites,1,E,0,,,,,,H
NanuyaLailai,12/4/2013,,NLSF2,3,Porites,2,B,0,,,,,,H
NanuyaLailai,12/4/2013,,NLSF2,3,Hydnophora,1,B,0,,,,,,H
NanuyaLailai,12/4/2013,,NLSF2,3,Montipora,2,SM,3,PD,,,,,PD
NanuyaLailai,12/4/2013,,NLSF2,3,Montipora,1,SM,0,,,,,,H
NanuyaLailai,12/4/2013,,NLSF2,3,Acropora,1,T,3,PD,,,,,PD
NanuyaLailai,12/4/2013,,NLSF2,3,Porites,2,SM,3,PD,,,,,PD
NanuyaLailai,12/4/2013,,NLSF2,3,Echinopora,1,F,0,,,,,,H
NanuyaLailai,12/4/2013,,NLSF2,3,Acropora,1,B,0,,,,,,H
NanuyaLailai,12/4/2013,,NLSF2,3,Pavona,1,SM,3,PD,,,,,PD
NanuyaLailai,12/4/2013,,NLSF2,3,Porites,1,SM,3,PD,,,,,PD
NanuyaLailai,12/4/2013,,NLSF2,3,Porites,1,E,1,P,,Predation,,White patches due to fish feeding ,P
NanuyaLailai,12/4/2013,,NLSF2,3,Echinophyllia,1,F,1,"B, ",,Bleaching ,,Few white patches on surface caused by multifocal bleaching ,BL
NanuyaLailai,12/4/2013,,NLSF2,3,Porites,1,M ,0,,,,,,H
NanuyaLailai,12/4/2013,,NLSF2,3,Porites,1,M ,3,PD,,,,,PD
NanuyaLailai,12/4/2013,,NLSF2,3,Pocillopora,1,CC,1,"B, PD",,Bleaching ,,Partly dead with few white spots on some branches,BL
NanuyaLailai,12/4/2013,,NLSF2,3,Acropora,2,B,0,,,,,,H
NanuyaLailai,12/4/2013,,NLSF2,3,Pocillopora,1,CC,1,"B, P, PD",,Bleaching ,Predation,Partly dead with few white spots and patches caused by both bleaching and predation ,BL
NanuyaLailai,12/4/2013,,NLSF2,3,Favites,1,SM,1,"B, ",,Bleaching ,,Partly bleached,BL
NanuyaLailai,12/4/2013,,NLSF2,3,Fungia,1,S,1,B,,Bleaching ,,White stripes caused by multifocal bleaching,BL
NanuyaLailai,12/4/2013,,NLSF2,3,Acropora,5,B,1,B,,Bleaching ,,Partly bleached ,BL
NanuyaLailai,12/4/2013,,NLSF2,3,Favites,2,SM,1,"B,PD",,Bleaching ,,Partly dead and bleached,BL
NanuyaLailai,12/4/2013,,NLSF2,3,Galaxea,1,E,0,,,,,,H
NanuyaLailai,12/4/2013,,NLSF2,3,Montipora,1,SM,0,,,,,,H
NanuyaLailai,12/4/2013,,NLSF2,3,Pocillopora,1,SM,2,"GA, B, PD",Growth Anomalies ,Bleaching ,,Partly dead  and bleached with GA,GA
NanuyaLailai,12/4/2013,,NLSF2,3,Montipora,1,SM,1,"B, ",,Bleaching ,,Partly bleached,BL
NanuyaLailai,12/4/2013,,NLSF2,3,Acropora,8,T,0,,,,,,H
NanuyaLailai,12/4/2013,,NLSF2,3,Porites,2,SM,3,PD,,,,,PD
NanuyaLailai,12/4/2013,,NLSF2,3,Pavona,1,SM,3,PD,,,,,PD
NanuyaLailai,12/4/2013,,NLSF2,3,Montipora,1,SM,1,"B, PD",,Bleaching ,,Partly dead with few white patches,BL
NanuyaLailai,12/4/2013,,NLSF2,3,Porites,1,M ,3,PD,,,,,PD
NanuyaLailai,12/4/2013,,NLSF2,3,Merulina,1,F,0,,,,,,H
NanuyaLailai,12/4/2013,,NLSF2,3,Millepora,1,B,3,PD,,,,,PD
NanuyaLailai,12/4/2013,,NLSF2,3,Acropora,1,B,0,,,,,,H
NanuyaLailai,12/4/2013,,NLSF2,3,Acropora,2,T,2,GA,Growth Anomalies ,,,,GA
NanuyaLailai,12/4/2013,,NLSF2,3,Favites,1,SM,1,B,,Bleaching ,,Few white patches,BL
NanuyaLailai,12/4/2013,,NLSF2,3,Acropora,1,B,1,"WS, PD",White Syndrome,,,Partly dead with white band at colony base,WS
NanuyaLailai,12/4/2013,,NLSF2,3,Montipora,1,SM,1,"B, PD",,Bleaching ,,Partly dead with whtie patches ,BL
NanuyaLailai,12/4/2013,,NLSF2,3,Acropora,1,T,3,PD,,,,,PD
NanuyaLailai,12/4/2013,,NLSF2,3,Acropora,1,B,1,"WS, PD",White Syndrome,,,Partly dead with non-active WS,WS
NanuyaLailai,12/4/2013,,NLSF2,3,Acropora,1,B,0,,,,,,H
NanuyaLailai,12/4/2013,,NLSF2,3,Porites,1,SM,3,PD,,,,,PD
NanuyaLailai,12/4/2013,,NLSF2,3,Favites,6,E,1,"B, PD",,Bleaching ,,Partly dead and bleached,BL
NanuyaLailai,12/4/2013,,NLSF2,3,Acropora,1,B,0,,,,,,H
NanuyaLailai,12/4/2013,,NLSF2,3,Porites,1,M ,0,,,,,,H
NanuyaLailai,12/4/2013,,NLSF2,3,Porites,1,SM,3,PD,,,,,PD
NanuyaLailai,12/4/2013,,NLSF2,3,Acropora,3,T,0,,,,,,H
NanuyaLailai,12/4/2013,,NLSF2,3,Acropora,2,B,0,,,,,,H
NanuyaLailai,12/4/2013,,NLSF2,3,Porites,1,SM,3,PD,,,,,PD
NanuyaLailai,12/4/2013,,NLSF2,3,Porites,3,E,3,PD,,,,,PD
NanuyaLailai,12/4/2013,,NLSF2,3,Acropora,1,T,1,"P,PD",,Predation,,White patches on some branches,P
NanuyaLailai,12/4/2013,,NLSF2,3,Millepora,1,SM,3,PD,,,,,PD
NanuyaLailai,12/4/2013,,NLSF2,3,Astreopora,1,SM,2,"PR, PD",Pigmentation Response,,,Partly dead with pink patches,PR
NanuyaLailai,12/4/2013,,NLSF2,3,Pavona,1,SM,4,"E, PD",,Eroded,,Partly dead and eroded,IG
NanuyaLailai,12/4/2013,,NLSF2,3,Acropora,5,T,0,,,,,,H
NanuyaLailai,12/4/2013,,NLSF2,3,Porites,1,SM,3,PD,,,,,PD
NanuyaLailai,12/4/2013,,NLSF2,3,Isopora,1,SM,1,UWSD,Ulcerative White Spot Disease,,,,UWS
NanuyaLailai,12/4/2013,,NLSF2,3,Astreopora,1,SM,0,,,,,,H
NanuyaLailai,12/4/2013,,NLSF2,3,Porites,2,SM,3,PD,,,,,PD
NanuyaLailai,12/4/2013,,NLSF2,3,Acropora,1,T,1,P,,Predation,,White patches on branches due to potentially Drupella snail feeding ,P
NanuyaLailai,12/4/2013,,NLSF2,3,Porites,1,SM,3,PD,,,,,PD
NanuyaLailai,12/4/2013,,NLSF2,3,Acropora,1,B,0,,,,,,H
NanuyaLailai,12/4/2013,,NLSF2,3,Porites,1,M ,1,"B, ",,Bleaching ,,White patches caused by multifocal bleaching ,BL
NanuyaLailai,12/4/2013,,NLSF2,3,Porites,5,E,3,PD,,,,,PD
NanuyaLailai,12/4/2013,,NLSF2,3,Acropora,2,B,3,PD,,,,,PD
NanuyaLailai,12/4/2013,,NLSF2,3,Acropora,1,B,1,"WS, PD",White Syndrome,,,Partly dead with white band on some branches,WS
NanuyaLailai,12/4/2013,,NLSF2,3,Acropora,1,T,2,GA,Growth Anomalies ,,,,GA
NanuyaLailai,12/4/2013,,NLSF2,3,Pavona,1,SM,3,PD,,,,,PD
NanuyaLailai,12/4/2013,,NLSF2,3,Acropora,2,D,0,,,,,,H
NanuyaLailai,12/4/2013,,NLSF2,3,Porites,1,E,3,PD,,,,,PD
NanuyaLailai,12/4/2013,,NLSF2,3,Montipora,2,SM,0,,,,,,H
NanuyaLailai,12/4/2013,,NLSF2,3,Acropora,1,T,1,B,,Bleaching ,,White patches on some branches,BL
NanuyaLailai,12/4/2013,,NLSF2,3,Acropora,1,T,0,,,,,,H
NanuyaLailai,12/4/2013,,NLSF2,3,Pocillopora,1,SM,0,,,,,,H
NanuyaLailai,12/4/2013,,NLSF2,3,Echinophyllia,1,SM,0,,,,,,H
NanuyaLailai,12/4/2013,,NLSF2,3,Acropora,1,B,3,PD,,,,,PD
NanuyaLailai,12/4/2013,,NLSF2,3,Diploastrea,1,M ,0,,,,,,H
NanuyaLailai,12/4/2013,,NLSF2,3,Platygyra,1,SM,1,"B, PD",,Bleaching ,,Partly dead and bleached ,BL
NanuyaLailai,12/4/2013,,NLSF2,3,Favites,1,E,1,"B, PD",,Bleaching ,,Partly dead with few white patches,BL
NanuyaLailai,12/4/2013,,NLSF2,3,Acropora,1,B,0,,,,,,H
NanuyaLailai,12/4/2013,,NLSF2,3,Porites,1,SM,1,UWSD,Ulcerative White Spot Disease,,,White spots on colony surface,UWS
NanuyaLailai,12/4/2013,,NLSF2,3,Montipora,1,SM,0,,,,,,H
NanuyaLailai,12/4/2013,,NLSF2,3,Porites,1,E,3,PD,,,,,PD
NanuyaLailai,12/4/2013,,NLSF2,3,Pocillopora,1,CC,1,B,,Bleaching ,,Whole colony bleached,BL
NanuyaLailai,12/4/2013,,NLSF2,3,Millepora,1,SM,0,,,,,,H
NanuyaLailai,12/4/2013,,NLSF2,3,Pocillopora,1,CC,1,"B, PD",,Bleaching ,,Partly bleached and dead,BL
NanuyaLailai,12/4/2013,,NLSF2,3,Porites,1,SM,3,PD,,,,,PD
NanuyaLailai,12/4/2013,,NLSF2,3,Acropora,1,B,0,,,,,,H
NanuyaLailai,12/4/2013,,NLSF2,3,Pocillopora,1,CC,1,"B, ",,Bleaching ,,Partly bleached with some white branches,BL
NanuyaLailai,12/4/2013,,NLSF2,3,Pavona,1,SM,3,PD,,,,,PD
NanuyaLailai,12/4/2013,,NLSF2,3,Acropora,1,T,0,,,,,,H
NanuyaLailai,12/4/2013,,NLSF2,3,Acropora,2,B,3,PD,,,,,PD
NanuyaLailai,12/4/2013,,NLSF2,3,Montipora,1,SM,3,PD,,,,,PD
NanuyaLailai,12/4/2013,,NLSF2,3,Acropora,1,B,3,PD,,,,,PD
NanuyaLailai,12/4/2013,,NLSF2,3,Acropora,3,B,0,,,,,,H
NanuyaLailai,12/4/2013,,NLSF2,3,Acropora,1,B,1,B,,Bleaching ,,Whole colony bleached,BL
NanuyaLailai,12/4/2013,,NLSF2,3,Pavona,1,SM,3,PD,,,,,PD
NanuyaLailai,12/4/2013,,NLSF2,3,Acropora,1,T,1,"P, PD",,Predation,,Partly dead with white patches on branches ,P
NanuyaLailai,12/4/2013,,NLSF2,3,Acropora,7,T,0,,,,,,H
NanuyaLailai,12/4/2013,,NLSF2,3,Pocillopora,1,CC,1,B,,Bleaching ,,Partly bleached,BL
NanuyaLailai,12/4/2013,,NLSF2,3,Goniopora,1,SM,0,,,,,,H
NanuyaLailai,12/4/2013,,NLSF2,3,Acropora,1,B,1,B,,Bleaching ,,Partly bleached,BL
NanuyaLailai,12/4/2013,,NLSF2,3,Acropora,4,D,0,,,,,,H
NanuyaLailai,12/4/2013,,NLSF2,3,Acropora,1,B,3,PD,,,,,PD
NanuyaLailai,12/4/2013,,NLSF2,3,Montipora,1,SM,0,,,,,,H
NanuyaLailai,12/4/2013,,NLSF2,3,Isopora,1,SM,0,,,,,,H
NanuyaLailai,12/4/2013,,NLSF2,3,Acropora,1,D,3,PD,,,,,PD
NanuyaLailai,12/4/2013,,NLSF2,3,Pocillopora,2,CC,0,,,,,,H
NanuyaLailai,12/4/2013,,NLSF2,3,Acropora,14,T,0,,,,,,H
NanuyaLailai,12/4/2013,,NLSF2,3,Acropora,1,T,1,"B, ",,Bleaching ,,,BL
NanuyaLailai,12/4/2013,,NLSF2,3,Acropora,14,B,0,,,,,,H
NanuyaLailai,12/4/2013,,NLSF2,3,Acropora,1,T,1,"B, PD",,Bleaching ,,Partly dead and bleached,BL
NanuyaLailai,12/4/2013,,NLSF2,3,Pocillopora,2,CC,1,"B, ",,Bleaching ,,White patches on some branches,BL
NanuyaLailai,12/4/2013,,NLSF2,3,Acropora,6,T,0,,,,,,H
NanuyaLailai,12/4/2013,,NLSF2,3,Millepora,1,SM,3,PD,,,,,PD
NanuyaLailai,12/4/2013,,NLSF2,3,Acropora,2,B,1,"B, PD",,Bleaching ,,Partly bleached and dead,BL
NanuyaLailai,12/4/2013,,NLSF2,3,Porites,1,M ,1,UWSD,Ulcerative White Spot Disease,,,White spots on surfac,UWS
NanuyaLailai,12/4/2013,,NLSF2,3,Acropora,1,D,3,PD,,,,,PD
NanuyaLailai,12/4/2013,,NLSF2,3,Montipora,1,SM,1,"B,PD",,Bleaching ,,Partly dead and bleached,BL
NanuyaLailai,12/4/2013,,NLSF2,3,Porites,1,M ,0,,,,,,H
NanuyaLailai,12/4/2013,,NLSF2,3,Diploastrea,1,E,0,,,,,,H
NanuyaLailai,12/4/2013,,NLSF2,3,Lobophyllia,1,E,0,,,,,,H
NanuyaLailai,12/4/2013,,NLSF2,3,Favites,1,E,0,,,,,,H
NanuyaLailai,12/4/2013,,NLSF2,3,Acropora,10,T,0,,,,,,H
NanuyaLailai,12/4/2013,,NLSF2,3,Acropora,4,B,0,,,,,,H
NanuyaLailai,12/4/2013,,NLSF2,3,Acropora,3,D,0,,,,,,H
NanuyaLailai,12/4/2013,,NLSF2,3,Stylophora,1,B,2,PR,Pigmentation Response,,,Pink patches on surface,PR
NanuyaLailai,12/4/2013,,NLSF2,3,Millepora,1,SM,3,PD,,,,,PD
NanuyaLailai,12/4/2013,,NLSF2,3,Montipora,1,SM,3,PD,,,,,PD
NanuyaLailai,12/4/2013,,NLSF2,3,Pavona,1,E,0,,,,,,H
NanuyaLailai,12/4/2013,,NLSF2,3,Porites,1,E,0,,,,,,H
NanuyaLailai,12/4/2013,,NLSF2,3,Porites,2,B,0,,,,,,H
NanuyaLailai,12/4/2013,,NLSF2,3,Acropora,2,T,1,"B, PD",,Bleaching ,,Partly dead and bleached ,BL
NanuyaLailai,12/4/2013,,NLSF2,3,Acropora,2,D,0,,,,,,H
NanuyaLailai,12/4/2013,,NLSF2,3,Fungia,2,S,0,,,,,,H
NanuyaLailai,12/4/2013,,NLSF2,3,Acropora,1,B,1,"B, P",,Bleaching ,Predation,Partly bleached with a Drupella sitting on the colony ,BL
NanuyaLailai,12/4/2013,,NLSF2,3,Millepora,1,B,3,PD,,,,,PD
NanuyaLailai,12/4/2013,,NLSF2,3,Platygyra,2,E,0,,,,,,H
NanuyaLailai,12/4/2013,,NLSF2,3,Favites,1,SM,0,,,,,,H
NanuyaLailai,12/4/2013,,NLSF2,3,Acropora,2,T,0,,,,,,H
NanuyaLailai,12/4/2013,,NLSF2,3,Acropora,1,B,0,,,,,,H
NanuyaLailai,12/4/2013,,NLSF2,3,Porites,1,SM,0,,,,,,H
NanuyaLailai,12/4/2013,,NLSF2,3,Acropora,1,B,1,B,,Bleaching ,,,BL
NanuyaLailai,12/4/2013,,NLSF2,3,Pocillopora,1,SM,0,,,,,,H
NanuyaLailai,12/4/2013,,NLSF2,3,Porites,1,SM,1,B,,Bleaching ,,White patches due to multifocal Bleaching,BL
NanuyaLailai,12/4/2013,,NLSF2,3,Porites,1,SM,1,"FB,PD",,Bleaching ,,Partly dead with white spots caused by FB,FB
NanuyaLailai,12/4/2013,,NLSF2,3,Porites,1,E,0,,,,,,H
NanuyaLailai,12/4/2013,,NLSF2,3,Pavona,1,SM,0,,,,,,H
NanuyaLailai,12/4/2013,,NLSF2,3,Acropora,1,T,0,,,,,,H
NanuyaLailai,12/4/2013,,NLSF2,3,Acropora,3,B,0,,,,,,H
NanuyaLailai,12/4/2013,,NLSF2,3,Pocillopora,1,CC,1,B,,Bleaching ,,Some white patches on colony surface,BL
NanuyaLailai,12/4/2013,,NLSF2,3,Favites,1,E,1,"B, PD",,Bleaching ,,Partly dead and bleached ,BL
NanuyaLailai,12/4/2013,,NLSF2,3,Acropora,1,D,0,,,,,,H
NanuyaLailai,12/4/2013,,NLSF2,3,Leptoria,1,E,0,,,,,,H
NanuyaLailai,12/4/2013,,NLSF2,3,Acropora,1,T,0,,,,,,H
NanuyaLailai,12/4/2013,,NLSF2,3,Favites,1,E,0,,,,,,H
NanuyaLailai,12/4/2013,,NLSF2,3,Montipora,1,SM,3,PD,,,,,PD
NanuyaLailai,12/4/2013,,NLSF2,3,Leptastrea,1,SM,0,,,,,,H
NanuyaLailai,12/4/2013,,NLSF2,3,Acropora,1,T,2,"GA, PR",Growth Anomalies ,Pigmentation Response,,,GA
NanuyaLailai,12/4/2013,,NLSF2,3,Favites,1,E,3,PD,,,,,PD
NanuyaLailai,12/4/2013,,NLSF2,3,Porites,3,E,3,PD,,,,,PD
NanuyaLailai,12/4/2013,,NLSF2,3,Millepora,4,SM,3,PD,,,,,PD
NanuyaLailai,12/4/2013,,NLSF2,3,Acropora,2,T,0,,,,,,H
NanuyaLailai,12/4/2013,,NLSF2,3,Acropora,1,T,2,GA,Growth Anomalies ,,,,GA
NanuyaLailai,12/4/2013,,NLSF2,3,Acropora,1,B,1,B,,Bleaching ,,Colony partly bleached,BL
NanuyaLailai,12/4/2013,,NLSF2,3,Acropora,2,B,0,,,,,,H
NanuyaLailai,12/4/2013,,NLSF2,3,Leptoria,1,E,0,,,,,,H
NanuyaLailai,12/4/2013,,NLSF2,3,Stylophora,2,B,0,,,,,,H
NanuyaLailai,12/4/2013,,NLSF2,3,Pavona,1,SM,3,PD,,,,,PD
NanuyaLailai,12/4/2013,,NLSF2,3,Porites,1,E,3,PD,,,,,PD
NanuyaLailai,12/4/2013,,NLSF2,3,Favites,1,E,1,"B,PD",,Bleaching ,,Partly dead and bleached,BL
NanuyaLailai,12/4/2013,,NLSF2,3,Acropora,8,T,0,,,,,,H
NanuyaLailai,12/4/2013,,NLSF2,3,Acropora,1,B,3,PD,,,,,PD
NanuyaLailai,12/4/2013,,NLSF2,3,Pocillopora,1,CC,1,"B,",,Bleaching ,,Partly bleached,BL
NanuyaLailai,12/4/2013,,NLSF2,3,Porites,1,SM,3,PD,,,,,PD
NanuyaLailai,12/4/2013,,NLSF2,3,Pocillopora,1,CC,1,B,,Bleaching ,,Whole colony bleached,BL
NanuyaLailai,12/4/2013,,NLSF2,3,Favites,1,E,0,,,,,,H
NanuyaLailai,12/4/2013,,NLSF2,3,Porites,1,E,3,PD,,,,,PD
NanuyaLailai,12/4/2013,,NLSF2,3,Millepora,5,SM,0,,,,,,H
NanuyaLailai,12/4/2013,,NLSF2,3,Montipora,1,SM,3,PD,,,,,PD
NanuyaLailai,12/4/2013,,NLSF2,3,Porites,1,E,3,PD,,,,,PD
NanuyaLailai,12/4/2013,,NLSF2,3,Porites,2,SM,1,"B, PD",,Bleaching ,,Partly dead with white patch in the middle ,BL
NanuyaLailai,12/4/2013,,NLSF2,3,Pavona,1,SM,3,PD,,,,,PD
NanuyaLailai,12/4/2013,,NLSF2,3,Acropora,1,T,0,,,,,,H
NanuyaLailai,12/4/2013,,NLSF2,3,Acropora,2,B,0,,,,,,H
NanuyaLailai,12/4/2013,,NLSF2,3,Porites,2,SM,0,,,,,,H
NanuyaLailai,12/4/2013,,NLSF2,3,Acropora,1,T,0,,,,,,H
NanuyaLailai,12/4/2013,,NLSF2,3,Goniopora,1,SM,0,,,,,,H
NanuyaLailai,12/4/2013,,NLSF2,3,Pocillopora,1,CC,2,GA,Growth Anomalies ,,,,GA
NanuyaLailai,12/4/2013,,NLSF2,3,Montipora,1,B,0,,,,,,H
NanuyaLailai,12/4/2013,,NLSF2,3,Millepora,6,SM,0,,,,,,H
NanuyaLailai,12/4/2013,,NLSF2,3,Montipora,1,F,0,,,,,,H
NanuyaLailai,12/4/2013,,NLSF2,3,Favites,1,SM,1,"B, PD",,Bleaching ,,Partly dead and bleached,BL
NanuyaLailai,12/4/2013,,NLSF2,3,Pavona,1,E,0,,,,,,H
NanuyaLailai,12/4/2013,,NLSF2,3,Acropora,6,B,0,,,,,,H
NanuyaLailai,12/4/2013,,NLSF2,3,Favites,1,E,0,,,,,,H
NanuyaLailai,12/4/2013,,NLSF2,3,Porites,1,SM,3,PD,,,,,PD
NanuyaLailai,12/4/2013,,NLSF2,3,Millepora,1,SM,2,PR,Pigmentation Response,,,,PR
NanuyaLailai,12/4/2013,,NLSF2,3,Acropora,1,B,3,PD,,,,,PD
NanuyaLailai,12/4/2013,,NLSF2,3,Montipora,1,SM,3,PD,,,,,PD
NanuyaLailai,12/4/2013,,NLSF2,3,Acropora,3,T,0,,,,,,H
NanuyaLailai,12/4/2013,,NLSF2,3,Fungia,2,S,2,PR,Pigmentation Response,,,,PR
NanuyaLailai,12/4/2013,,NLSF2,3,Acropora,1,B,1,B,,Bleaching ,,Whole colony is bleached,BL
NanuyaLailai,12/4/2013,,NLSF2,3,Goniastrea,1,SM,3,PD,,,,,PD
NanuyaLailai,12/4/2013,,NLSF2,3,Montipora,2,B,0,,,,,,H
NanuyaLailai,12/4/2013,,NLSF2,3,Favites,2,E,3,PD,,,,,PD
NanuyaLailai,12/4/2013,,NLSF2,3,Porites,1,M ,3,PD,,,,,PD
NanuyaLailai,12/4/2013,,NLSF2,3,Acropora,2,T,0,,,,,,H
NanuyaLailai,12/4/2013,,NLSF2,3,Millepora,4,SM,3,PD,,,,,PD
NanuyaLailai,12/4/2013,,NLSF2,3,Porites,1,SM,4,E,,Eroded,,,IG
NanuyaLailai,12/4/2013,,NLSF2,3,Acropora,2,T,0,,,,,,H
NanuyaLailai,12/4/2013,,NLSF2,3,Acropora,1,T,2,"GA, PD",Growth Anomalies ,,,Partly dead with some abnormal growth,GA
NanuyaLailai,12/4/2013,,NLSF2,3,Porites,1,SM,0,,,,,,H
NanuyaLailai,12/4/2013,,NLSF2,3,Pavona,1,SM,3,PD,,,,,PD
NanuyaLailai,12/4/2013,,NLSF2,3,Acropora,1,D,0,,,,,,H
NanuyaLailai,12/4/2013,,NLSF2,3,Acropora,1,B,1,"WS, ",White Syndrome,,,White band on colony,WS
NanuyaLailai,12/4/2013,,NLSF2,3,Porites,2,SM,0,,,,,,H
NanuyaLailai,12/4/2013,,NLSF2,3,Acropora,5,B,0,,,,,,H
NanuyaLailai,12/4/2013,,NLSF2,3,Acropora,1,B,3,PD,,,,,PD
NanuyaLailai,12/4/2013,,NLSF2,3,Porites,1,M ,1,"WS, E",White Syndrome,Eroded,,Partly eroded with WS,WS
NanuyaLailai,12/4/2013,,NLSF2,3,Merulina,1,E,0,,,,,,H
NanuyaLailai,12/4/2013,,NLSF2,3,Goniastrea,1,E,0,,,,,,H
NanuyaLailai,12/4/2013,,NLSF2,3,Diploastrea,1,M ,3,PD,,,,,PD
,,,,,,,,,,,,,,
,,,,,,,,,,,,,,
,,,,,,,,,,,,,,
,,,,,,,,,,,,,,
,,,,,,,,,,,,,,
,,,,,,,,,,,,,,
,,,,,,,,,,,,,,
,,,,,,,,,,,,,,
,,,,,,,,,,,,,,
,,,,,,,,,,,,,,
,,,,,,,,,,,,,,
,,,,,,,,,,,,,,
,,,,,,,,,,,,,,
,,,,,,,,,,,,,,
,,,,,,,,,,,,,,
,,,,,,,,,,,,,,
,,,,,,,,,,,,,,
,,,,,,,,,,,,,,
,,,,,,,,,,,,,,
,,,,,,,,,,,,,,
,,,,,,,,,,,,,,
,,,,,,,,,,,,,,
,,,,,,,,,,,,,,
,,,,,,,,,,,,,,
,,,,,,,,,,,,,,
,,,,,,,,,,,,,,
,,,,,,,,,,,,,,
,,,,,,,,,,,,,,
,,,,,,,,,,,,,,
,,,,,,,,,,,,,,
,,,,,,,,,,,,,,
,,,,,,,,,,,,,,
,,,,,,,,,,,,,,
,,,,,,,,,,,,,,
,,,,,,,,,,,,,,
,,,,,,,,,,,,,,
,,,,,,,,,,,,,,
,,,,,,,,,,,,,,
,,,,,,,,,,,,,,
,,,,,,,,,,,,,,
,,,,,,,,,,,,,,
,,,,,,,,,,,,,,
,,,,,,,,,,,,,,
,,,,,,,,,,,,,,
,,,,,,,,,,,,,,
,,,,,,,,,,,,,,
,,,,,,,,,,,,,,
,,,,,,,,,,,,,,
,,,,,,,,,,,,,,
,,,,,,,,,,,,,,
,,,,,,,,,,,,,,
,,,,,,,,,,,,,,
,,,,,,,,,,,,,,
,,,,,,,,,,,,,,
,,,,,,,,,,,,,,
,,,,,,,,,,,,,,
,,,,,,,,,,,,,,
,,,,,,,,,,,,,,
,,,,,,,,,,,,,,
,,,,,,,,,,,,,,
,,,,,,,,,,,,,,
,,,,,,,,,,,,,,
,,,,,,,,,,,,,,
,,,,,,,,,,,,,,
,,,,,,,,,,,,,,
,,,,,,,,,,,,,,
,,,,,,,,,,,,,,
,,,,,,,,,,,,,,
,,,,,,,,,,,,,,
,,,,,,,,,,,,,,
,,,,,,,,,,,,,,
,,,,,,,,,,,,,,
,,,,,,,,,,,,,,
,,,,,,,,,,,,,,
,,,,,,,,,,,,,,
,,,,,,,,,,,,,,
,,,,,,,,,,,,,,
,,,,,,,,,,,,,,
,,,,,,,,,,,,,,
,,,,,,,,,,,,,,
,,,,,,,,,,,,,,
,,,,,,,,,,,,,,
,,,,,,,,,,,,,,
,,,,,,,,,,,,,,
,,,,,,,,,,,,,,
,,,,,,,,,,,,,,
,,,,,,,,,,,,,,
,,,,,,,,,,,,,,
,,,,,,,,,,,,,,
,,,,,,,,,,,,,,
,,,,,,,,,,,,,,
,,,,,,,,,,,,,,
,,,,,,,,,,,,,,
,,,,,,,,,,,,,,
,,,,,,,,,,,,,,
,,,,,,,,,,,,,,
,,,,,,,,,,,,,,
,,,,,,,,,,,,,,
,,,,,,,,,,,,,,
,,,,,,,,,,,,,,
,,,,,,,,,,,,,,
,,,,,,,,,,,,,,
,,,,,,,,,,,,,,
,,,,,,,,,,,,,,
,,,,,,,,,,,,,,
,,,,,,,,,,,,,,
,,,,,,,,,,,,,,
,,,,,,,,,,,,,,
,,,,,,,,,,,,,,
,,,,,,,,,,,,,,
,,,,,,,,,,,,,,
,,,,,,,,,,,,,,
,,,,,,,,,,,,,,
,,,,,,,,,,,,,,
,,,,,,,,,,,,,,
,,,,,,,,,,,,,,
,,,,,,,,,,,,,,
,,,,,,,,,,,,,,
,,,,,,,,,,,,,,
,,,,,,,,,,,,,,
,,,,,,,,,,,,,,
,,,,,,,,,,,,,,
,,,,,,,,,,,,,,
,,,,,,,,,,,,,,
,,,,,,,,,,,,,,
,,,,,,,,,,,,,,
,,,,,,,,,,,,,,
,,,,,,,,,,,,,,
,,,,,,,,,,,,,,
,,,,,,,,,,,,,,
,,,,,,,,,,,,,,
,,,,,,,,,,,,,,
,,,,,,,,,,,,,,
,,,,,,,,,,,,,,
,,,,,,,,,,,,,,
,,,,,,,,,,,,,,
,,,,,,,,,,,,,,
,,,,,,,,,,,,,,
,,,,,,,,,,,,,,
,,,,,,,,,,,,,,
,,,,,,,,,,,,,,
,,,,,,,,,,,,,,
,,,,,,,,,,,,,,
,,,,,,,,,,,,,,
,,,,,,,,,,,,,,
,,,,,,,,,,,,,,
,,,,,,,,,,,,,,
,,,,,,,,,,,,,,
,,,,,,,,,,,,,,
,,,,,,,,,,,,,,
,,,,,,,,,,,,,,
,,,,,,,,,,,,,,
,,,,,,,,,,,,,,
,,,,,,,,,,,,,,
,,,,,,,,,,,,,,
,,,,,,,,,,,,,,
,,,,,,,,,,,,,,
,,,,,,,,,,,,,,
,,,,,,,,,,,,,,
,,,,,,,,,,,,,,
,,,,,,,,,,,,,,
,,,,,,,,,,,,,,
,,,,,,,,,,,,,,
,,,,,,,,,,,,,,
,,,,,,,,,,,,,,
,,,,,,,,,,,,,,
,,,,,,,,,,,,,,
,,,,,,,,,,,,,,
,,,,,,,,,,,,,,
,,,,,,,,,,,,,,
,,,,,,,,,,,,,,
,,,,,,,,,,,,,,
,,,,,,,,,,,,,,
,,,,,,,,,,,,,,
,,,,,,,,,,,,,,
,,,,,,,,,,,,,,
,,,,,,,,,,,,,,
,,,,,,,,,,,,,,
,,,,,,,,,,,,,,
,,,,,,,,,,,,,,
,,,,,,,,,,,,,,
,,,,,,,,,,,,,,
,,,,,,,,,,,,,,
,,,,,,,,,,,,,,
,,,,,,,,,,,,,,
,,,,,,,,,,,,,,
,,,,,,,,,,,,,,
,,,,,,,,,,,,,,
,,,,,,,,,,,,,,
,,,,,,,,,,,,,,
,,,,,,,,,,,,,,
,,,,,,,,,,,,,,
,,,,,,,,,,,,,,
,,,,,,,,,,,,,,
,,,,,,,,,,,,,,
,,,,,,,,,,,,,,
,,,,,,,,,,,,,,
,,,,,,,,,,,,,,
,,,,,,,,,,,,,,
,,,,,,,,,,,,,,
,,,,,,,,,,,,,,
,,,,,,,,,,,,,,
,,,,,,,,,,,,,,
,,,,,,,,,,,,,,
,,,,,,,,,,,,,,
,,,,,,,,,,,,,,
,,,,,,,,,,,,,,
,,,,,,,,,,,,,,
,,,,,,,,,,,,,,
,,,,,,,,,,,,,,
,,,,,,,,,,,,,,
,,,,,,,,,,,,,,
,,,,,,,,,,,,,,
,,,,,,,,,,,,,,
,,,,,,,,,,,,,,
,,,,,,,,,,,,,,
,,,,,,,,,,,,,,
,,,,,,,,,,,,,,
,,,,,,,,,,,,,,
,,,,,,,,,,,,,,
,,,,,,,,,,,,,,
,,,,,,,,,,,,,,
,,,,,,,,,,,,,,
,,,,,,,,,,,,,,
,,,,,,,,,,,,,,
,,,,,,,,,,,,,,
,,,,,,,,,,,,,,
,,,,,,,,,,,,,,
,,,,,,,,,,,,,,
,,,,,,,,,,,,,,
,,,,,,,,,,,,,,
,,,,,,,,,,,,,,
,,,,,,,,,,,,,,
,,,,,,,,,,,,,,
,,,,,,,,,,,,,,
,,,,,,,,,,,,,,
,,,,,,,,,,,,,,
,,,,,,,,,,,,,,
,,,,,,,,,,,,,,
,,,,,,,,,,,,,,
,,,,,,,,,,,,,,
,,,,,,,,,,,,,,
,,,,,,,,,,,,,,
,,,,,,,,,,,,,,
,,,,,,,,,,,,,,
,,,,,,,,,,,,,,
,,,,,,,,,,,,,,
,,,,,,,,,,,,,,
,,,,,,,,,,,,,,
,,,,,,,,,,,,,,
,,,,,,,,,,,,,,
,,,,,,,,,,,,,,
,,,,,,,,,,,,,,
,,,,,,,,,,,,,,
,,,,,,,,,,,,,,
,,,,,,,,,,,,,,
,,,,,,,,,,,,,,
,,,,,,,,,,,,,,
,,,,,,,,,,,,,,
,,,,,,,,,,,,,,
,,,,,,,,,,,,,,
,,,,,,,,,,,,,,
,,,,,,,,,,,,,,
,,,,,,,,,,,,,,
,,,,,,,,,,,,,,
,,,,,,,,,,,,,,
,,,,,,,,,,,,,,
,,,,,,,,,,,,,,
,,,,,,,,,,,,,,
,,,,,,,,,,,,,,
,,,,,,,,,,,,,,
,,,,,,,,,,,,,,
,,,,,,,,,,,,,,
,,,,,,,,,,,,,,
,,,,,,,,,,,,,,
,,,,,,,,,,,,,,
,,,,,,,,,,,,,,
,,,,,,,,,,,,,,
,,,,,,,,,,,,,,
,,,,,,,,,,,,,,
,,,,,,,,,,,,,,
,,,,,,,,,,,,,,
,,,,,,,,,,,,,,
,,,,,,,,,,,,,,
,,,,,,,,,,,,,,
,,,,,,,,,,,,,,
,,,,,,,,,,,,,,
,,,,,,,,,,,,,,
,,,,,,,,,,,,,,
,,,,,,,,,,,,,,
,,,,,,,,,,,,,,
,,,,,,,,,,,,,,
,,,,,,,,,,,,,,
,,,,,,,,,,,,,,
,,,,,,,,,,,,,,
,,,,,,,,,,,,,,
,,,,,,,,,,,,,,
,,,,,,,,,,,,,,
,,,,,,,,,,,,,,
,,,,,,,,,,,,,,
,,,,,,,,,,,,,,
,,,,,,,,,,,,,,
,,,,,,,,,,,,,,
,,,,,,,,,,,,,,
,,,,,,,,,,,,,,
,,,,,,,,,,,,,,
,,,,,,,,,,,,,,
,,,,,,,,,,,,,,
,,,,,,,,,,,,,,
,,,,,,,,,,,,,,
,,,,,,,,,,,,,,
,,,,,,,,,,,,,,
,,,,,,,,,,,,,,
,,,,,,,,,,,,,,
,,,,,,,,,,,,,,
,,,,,,,,,,,,,,
,,,,,,,,,,,,,,
,,,,,,,,,,,,,,
,,,,,,,,,,,,,,
,,,,,,,,,,,,,,
,,,,,,,,,,,,,,
,,,,,,,,,,,,,,
,,,,,,,,,,,,,,
,,,,,,,,,,,,,,
,,,,,,,,,,,,,,
,,,,,,,,,,,,,,
,,,,,,,,,,,,,,
,,,,,,,,,,,,,,
,,,,,,,,,,,,,,
,,,,,,,,,,,,,,
,,,,,,,,,,,,,,
,,,,,,,,,,,,,,
,,,,,,,,,,,,,,
,,,,,,,,,,,,,,
,,,,,,,,,,,,,,
,,,,,,,,,,,,,,
,,,,,,,,,,,,,,
,,,,,,,,,,,,,,
,,,,,,,,,,,,,,
,,,,,,,,,,,,,,
,,,,,,,,,,,,,,
,,,,,,,,,,,,,,
,,,,,,,,,,,,,,
,,,,,,,,,,,,,,
,,,,,,,,,,,,,,
,,,,,,,,,,,,,,
,,,,,,,,,,,,,,
,,,,,,,,,,,,,,
,,,,,,,,,,,,,,
,,,,,,,,,,,,,,
,,,,,,,,,,,,,,
,,,,,,,,,,,,,,
,,,,,,,,,,,,,,
,,,,,,,,,,,,,,
,,,,,,,,,,,,,,
,,,,,,,,,,,,,,
,,,,,,,,,,,,,,
,,,,,,,,,,,,,,
,,,,,,,,,,,,,,
,,,,,,,,,,,,,,
,,,,,,,,,,,,,,
,,,,,,,,,,,,,,
,,,,,,,,,,,,,,
,,,,,,,,,,,,,,
,,,,,,,,,,,,,,
,,,,,,,,,,,,,,
,,,,,,,,,,,,,,
,,,,,,,,,,,,,,
,,,,,,,,,,,,,,
,,,,,,,,,,,,,,
,,,,,,,,,,,,,,
,,,,,,,,,,,,,,
,,,,,,,,,,,,,,
,,,,,,,,,,,,,,
,,,,,,,,,,,,,,
,,,,,,,,,,,,,,
,,,,,,,,,,,,,,
,,,,,,,,,,,,,,
,,,,,,,,,,,,,,
,,,,,,,,,,,,,,
,,,,,,,,,,,,,,
,,,,,,,,,,,,,,
,,,,,,,,,,,,,,
,,,,,,,,,,,,,,
,,,,,,,,,,,,,,
,,,,,,,,,,,,,,
,,,,,,,,,,,,,,
,,,,,,,,,,,,,,
,,,,,,,,,,,,,,
,,,,,,,,,,,,,,
,,,,,,,,,,,,,,
,,,,,,,,,,,,,,
,,,,,,,,,,,,,,
,,,,,,,,,,,,,,
,,,,,,,,,,,,,,
,,,,,,,,,,,,,,
,,,,,,,,,,,,,,
,,,,,,,,,,,,,,
,,,,,,,,,,,,,,
,,,,,,,,,,,,,,
,,,,,,,,,,,,,,
,,,,,,,,,,,,,,
,,,,,,,,,,,,,,
,,,,,,,,,,,,,,
,,,,,,,,,,,,,,
,,,,,,,,,,,,,,
,,,,,,,,,,,,,,
,,,,,,,,,,,,,,
,,,,,,,,,,,,,,
,,,,,,,,,,,,,,
,,,,,,,,,,,,,,
,,,,,,,,,,,,,,
,,,,,,,,,,,,,,
,,,,,,,,,,,,,,
,,,,,,,,,,,,,,
,,,,,,,,,,,,,,
,,,,,,,,,,,,,,
,,,,,,,,,,,,,,
,,,,,,,,,,,,,,
,,,,,,,,,,,,,,
,,,,,,,,,,,,,,
,,,,,,,,,,,,,,
,,,,,,,,,,,,,,
,,,,,,,,,,,,,,
,,,,,,,,,,,,,,
,,,,,,,,,,,,,,
,,,,,,,,,,,,,,
,,,,,,,,,,,,,,
,,,,,,,,,,,,,,
,,,,,,,,,,,,,,
,,,,,,,,,,,,,,
,,,,,,,,,,,,,,
,,,,,,,,,,,,,,
,,,,,,,,,,,,,,
,,,,,,,,,,,,,,
,,,,,,,,,,,,,,
,,,,,,,,,,,,,,
,,,,,,,,,,,,,,
,,,,,,,,,,,,,,
,,,,,,,,,,,,,,
,,,,,,,,,,,,,,
,,,,,,,,,,,,,,
,,,,,,,,,,,,,,
,,,,,,,,,,,,,,
,,,,,,,,,,,,,,
,,,,,,,,,,,,,,
,,,,,,,,,,,,,,
,,,,,,,,,,,,,,
,,,,,,,,,,,,,,
,,,,,,,,,,,,,,
,,,,,,,,,,,,,,
,,,,,,,,,,,,,,
,,,,,,,,,,,,,,
,,,,,,,,,,,,,,
,,,,,,,,,,,,,,
,,,,,,,,,,,,,,
,,,,,,,,,,,,,,
,,,,,,,,,,,,,,
,,,,,,,,,,,,,,
,,,,,,,,,,,,,,
,,,,,,,,,,,,,,
,,,,,,,,,,,,,,
,,,,,,,,,,,,,,
,,,,,,,,,,,,,,
